drug,drug_category,reaction,reaction_count,reaction_frequency_ratio,log_reaction_count,drug_total_reports,drug_reaction_diversity,serious_ratio,death_rate,hospitalization_rate,is_high_severity,reaction_idf,reaction_tfidf,is_drug_specific_reaction
aspirin,Pain/Anti-inflammatory,fatigue,37433,0.06507517901628401,10.530334661338841,575227,30,0.7052897353884844,0.0,0.0,0,0.0,0.0,0
aspirin,Pain/Anti-inflammatory,dyspnoea,31365,0.054526300051979476,10.35347978269437,575227,30,0.7052897353884844,0.0,0.0,0,0.0,0.0,0
aspirin,Pain/Anti-inflammatory,nausea,31025,0.05393522904870599,10.342580841624276,575227,30,0.7052897353884844,0.0,0.0,0,0.0,0.0,0
aspirin,Pain/Anti-inflammatory,diarrhoea,30687,0.05334763493368705,10.331626977683165,575227,30,0.7052897353884844,0.0,0.0,0,0.0,0.0,0
aspirin,Pain/Anti-inflammatory,drug ineffective,26254,0.0456411121174771,10.17561172607196,575227,30,0.7052897353884844,0.0,0.0,0,0.0,0.0,0
aspirin,Pain/Anti-inflammatory,dizziness,26085,0.04534731505996763,10.169154050930228,575227,30,0.7052897353884844,0.0,0.0,0,0.0,0.0,0
aspirin,Pain/Anti-inflammatory,headache,23105,0.04016675156068822,10.047847603042964,575227,30,0.7052897353884844,0.0,0.0,0,0.0,0.0,0
aspirin,Pain/Anti-inflammatory,off label use,22511,0.03913411574908688,10.02180377935417,575227,30,0.7052897353884844,0.0,0.0,0,0.0,0.0,0
aspirin,Pain/Anti-inflammatory,asthenia,21862,0.038005865510485425,9.992550989276888,575227,30,0.7052897353884844,0.0,0.0,0,0.0,0.0,0
aspirin,Pain/Anti-inflammatory,fall,21403,0.037207919656066214,9.971333099431195,575227,30,0.7052897353884844,0.0,0.0,0,0.22314355131420976,0.008302707329068406,0
aspirin,Pain/Anti-inflammatory,pain,21330,0.03708101323477514,9.967916692691817,575227,30,0.7052897353884844,0.0,0.0,0,0.0,0.0,0
aspirin,Pain/Anti-inflammatory,pneumonia,18138,0.03153189958051343,9.805819595357969,575227,30,0.7052897353884844,0.0,0.0,0,0.10536051565782635,0.0033222171994736933,0
aspirin,Pain/Anti-inflammatory,vomiting,18095,0.031457146483040606,9.803446198355902,575227,30,0.7052897353884844,0.0,0.0,0,0.0,0.0,0
aspirin,Pain/Anti-inflammatory,death,17103,0.029732609908783836,9.747067633264827,575227,30,0.7052897353884844,0.0,0.0,0,0.28768207245178085,0.008553538837959288,0
aspirin,Pain/Anti-inflammatory,arthralgia,16377,0.028470499472382206,9.703694249830134,575227,30,0.7052897353884844,0.0,0.0,0,0.05129329438755048,0.0014603457107975012,0
aspirin,Pain/Anti-inflammatory,myocardial infarction,16265,0.02827579373012741,9.69683231872672,575227,30,0.7052897353884844,0.0,0.0,0,2.302585092994046,0.06510742113556588,1
aspirin,Pain/Anti-inflammatory,malaise,15880,0.027606492741126545,9.672878705110646,575227,30,0.7052897353884844,0.0,0.0,0,0.0,0.0,0
aspirin,Pain/Anti-inflammatory,weight decreased,15362,0.02670597868319811,9.63971730013066,575227,30,0.7052897353884844,0.0,0.0,0,0.5978370007556204,0.01596582219820669,0
aspirin,Pain/Anti-inflammatory,pruritus,15329,0.02664861002699804,9.63756697186586,575227,30,0.7052897353884844,0.0,0.0,0,0.3566749439387324,0.009504891487424668,0
aspirin,Pain/Anti-inflammatory,pain in extremity,15117,0.026280059872015742,9.623641365852121,575227,30,0.7052897353884844,0.0,0.0,0,0.28768207245178085,0.007560302088138371,0
aspirin,Pain/Anti-inflammatory,gastrointestinal haemorrhage,14851,0.0258176337341606,9.60588981529697,575227,30,0.7052897353884844,0.0,0.0,1,2.302585092994046,0.0594472985726584,1
aspirin,Pain/Anti-inflammatory,cough,14476,0.025165717186432488,9.580316462154043,575227,30,0.7052897353884844,0.0,0.0,0,0.5108256237659907,0.012855293179277888,0
aspirin,Pain/Anti-inflammatory,rash,14244,0.024762398148904692,9.56416124693201,575227,30,0.7052897353884844,0.0,0.0,0,0.22314355131420976,0.005525569462003007,0
aspirin,Pain/Anti-inflammatory,chest pain,13720,0.02385145342621261,9.526682784921174,575227,30,0.7052897353884844,0.0,0.0,0,2.302585092994046,0.05492000110543891,1
aspirin,Pain/Anti-inflammatory,anaemia,13561,0.023575040809975887,9.515027043243787,575227,30,0.7052897353884844,0.0,0.0,1,1.8971199848858813,0.04472468106510549,0
aspirin,Pain/Anti-inflammatory,constipation,13181,0.0229144320416114,9.486607541612665,575227,30,0.7052897353884844,0.0,0.0,0,1.2039728043259361,0.027588353004674965,0
aspirin,Pain/Anti-inflammatory,hypotension,12867,0.022368560585647058,9.462498888358917,575227,30,0.7052897353884844,0.0,0.0,0,1.0498221244986776,0.02348300979600138,0
aspirin,Pain/Anti-inflammatory,acute kidney injury,12788,0.022231223499592334,9.45634070543332,575227,30,0.7052897353884844,0.0,0.0,0,0.43078291609245434,0.009576831287457484,0
aspirin,Pain/Anti-inflammatory,pyrexia,12473,0.021683613599500717,9.431401757086068,575227,30,0.7052897353884844,0.0,0.0,1,0.5108256237659907,0.011076545442465674,0
aspirin,Pain/Anti-inflammatory,cerebrovascular accident,12340,0.021452400530573148,9.420682331453184,575227,30,0.7052897353884844,0.0,0.0,0,2.995732273553991,0.06426564861464473,1
ibuprofen,Pain/Anti-inflammatory,drug ineffective,16655,0.06508376286141906,9.72052579085475,255901,30,0.7267050549865484,0.0,0.0,0,0.0,0.0,0
ibuprofen,Pain/Anti-inflammatory,pain,15756,0.06157068553854811,9.665039989962045,255901,30,0.7267050549865484,0.0,0.0,0,0.0,0.0,0
ibuprofen,Pain/Anti-inflammatory,fatigue,14827,0.05794037537954131,9.604272564270623,255901,30,0.7267050549865484,0.0,0.0,0,0.0,0.0,0
ibuprofen,Pain/Anti-inflammatory,nausea,14019,0.05478290432628243,9.54824016058858,255901,30,0.7267050549865484,0.0,0.0,0,0.0,0.0,0
ibuprofen,Pain/Anti-inflammatory,headache,12588,0.04919089804260241,9.44057869576626,255901,30,0.7267050549865484,0.0,0.0,0,0.0,0.0,0
ibuprofen,Pain/Anti-inflammatory,arthralgia,11037,0.043129960414379,9.309099143999447,255901,30,0.7267050549865484,0.0,0.0,0,0.05129329438755048,0.002212277756458141,0
ibuprofen,Pain/Anti-inflammatory,dyspnoea,10875,0.04249690309924541,9.294313805752362,255901,30,0.7267050549865484,0.0,0.0,0,0.0,0.0,0
ibuprofen,Pain/Anti-inflammatory,vomiting,10370,0.040523483690958616,9.246768728589734,255901,30,0.7267050549865484,0.0,0.0,0,0.0,0.0,0
ibuprofen,Pain/Anti-inflammatory,diarrhoea,10002,0.03908542756769219,9.21064032698518,255901,30,0.7267050549865484,0.0,0.0,0,0.0,0.0,0
ibuprofen,Pain/Anti-inflammatory,rash,9212,0.035998296216114826,9.128370809108931,255901,30,0.7267050549865484,0.0,0.0,0,0.22314355131420976,0.008032787658924742,0
ibuprofen,Pain/Anti-inflammatory,dizziness,8570,0.03348951352280765,9.056139690898883,255901,30,0.7267050549865484,0.0,0.0,0,0.0,0.0,0
ibuprofen,Pain/Anti-inflammatory,off label use,8511,0.03325895561174048,9.049232211581426,255901,30,0.7267050549865484,0.0,0.0,0,0.0,0.0,0
ibuprofen,Pain/Anti-inflammatory,pyrexia,8097,0.03164114247306576,8.999372396592106,255901,30,0.7267050549865484,0.0,0.0,1,0.5108256237659907,0.016163106340472397,0
ibuprofen,Pain/Anti-inflammatory,pruritus,8094,0.03162941918945217,8.999001866111735,255901,30,0.7267050549865484,0.0,0.0,0,0.3566749439387324,0.011281421316212518,0
ibuprofen,Pain/Anti-inflammatory,acute kidney injury,6730,0.02629923290647555,8.814479000010714,255901,30,0.7267050549865484,0.0,0.0,0,0.43078291609245434,0.011329260242446171,0
ibuprofen,Pain/Anti-inflammatory,drug hypersensitivity,6654,0.0260022430549314,8.803123730829212,255901,30,0.7267050549865484,0.0,0.0,1,1.6094379124341003,0.041848995780932874,0
ibuprofen,Pain/Anti-inflammatory,asthenia,6634,0.025924087830840832,8.800113946766308,255901,30,0.7267050549865484,0.0,0.0,0,0.0,0.0,0
ibuprofen,Pain/Anti-inflammatory,anxiety,6528,0.02550986514316083,8.784009071186633,255901,30,0.7267050549865484,0.0,0.0,0,0.43078291609245434,0.010989214095496077,0
ibuprofen,Pain/Anti-inflammatory,joint swelling,6303,0.024630618872141963,8.748939631537715,255901,30,0.7267050549865484,0.0,0.0,1,2.302585092994046,0.056714095846211905,1
ibuprofen,Pain/Anti-inflammatory,malaise,6174,0.02412651767675781,8.728264161496178,255901,30,0.7267050549865484,0.0,0.0,0,0.0,0.0,0
ibuprofen,Pain/Anti-inflammatory,pain in extremity,6149,0.0240288236466446,8.724207360800564,255901,30,0.7267050549865484,0.0,0.0,0,0.28768207245178085,0.006912661785245077,0
ibuprofen,Pain/Anti-inflammatory,condition aggravated,6126,0.02393894513894045,8.720460512725655,255901,30,0.7267050549865484,0.0,0.0,1,0.5108256237659907,0.012228626582899086,0
ibuprofen,Pain/Anti-inflammatory,abdominal pain upper,6076,0.023743557078714034,8.712266432135355,255901,30,0.7267050549865484,0.0,0.0,0,2.995732273553991,0.07112934022967494,1
ibuprofen,Pain/Anti-inflammatory,hypersensitivity,6066,0.02370447946666875,8.710619527942297,255901,30,0.7267050549865484,0.0,0.0,1,2.302585092994046,0.05458158105713491,1
ibuprofen,Pain/Anti-inflammatory,nasopharyngitis,5737,0.022418826030378935,8.65486599654131,255901,30,0.7267050549865484,0.0,0.0,1,2.302585092994046,0.051621254619977415,1
ibuprofen,Pain/Anti-inflammatory,abdominal discomfort,5700,0.02227423886581139,8.648396877031582,255901,30,0.7267050549865484,0.0,0.0,1,2.302585092994046,0.05128833037020591,1
ibuprofen,Pain/Anti-inflammatory,peripheral swelling,5694,0.022250792298584218,8.647343875881283,255901,30,0.7267050549865484,0.0,0.0,1,2.302585092994046,0.051234342654026745,1
ibuprofen,Pain/Anti-inflammatory,insomnia,5688,0.022227345731357047,8.646289764750648,255901,30,0.7267050549865484,0.0,0.0,0,0.6931471805599453,0.015406822025021272,0
ibuprofen,Pain/Anti-inflammatory,back pain,5522,0.02157865737140535,8.616676469901188,255901,30,0.7267050549865484,0.0,0.0,0,1.2039728043259361,0.02598011662903943,0
ibuprofen,Pain/Anti-inflammatory,urticaria,5507,0.021520040953337424,8.613956859848546,255901,30,0.7267050549865484,0.0,0.0,1,2.302585092994046,0.04955172549977613,1
acetaminophen,Pain,drug dependence,51116,0.07958423635503077,10.841872401883348,642288,30,0.8591023823813598,0.0,0.0,1,2.302585092994046,0.18324947626840865,1
acetaminophen,Pain,overdose,44395,0.06912008320255088,10.70090465427187,642288,30,0.8591023823813598,0.0,0.0,1,2.302585092994046,0.1591548732087018,1
acetaminophen,Pain,pain,41675,0.06488522282838852,10.637680702532075,642288,30,0.8591023823813598,0.0,0.0,0,0.0,0.0,0
acetaminophen,Pain,dependence,36993,0.057595658022569315,10.518511016314495,642288,30,0.8591023823813598,0.0,0.0,1,2.302585092994046,0.13261890358395104,1
acetaminophen,Pain,death,28994,0.04514174326781755,10.274878680310541,642288,30,0.8591023823813598,0.0,0.0,0,0.28768207245178085,0.01298647025737198,0
acetaminophen,Pain,fatigue,27263,0.04244669058117231,10.213322429629041,642288,30,0.8591023823813598,0.0,0.0,0,0.0,0.0,0
acetaminophen,Pain,toxicity to various agents,26958,0.04197182572304013,10.202072472350189,642288,30,0.8591023823813598,0.0,0.0,1,1.0498221244986776,0.044062951249650234,0
acetaminophen,Pain,drug ineffective,26740,0.041632414119522704,10.193953247114495,642288,30,0.8591023823813598,0.0,0.0,0,0.0,0.0,0
acetaminophen,Pain,off label use,25547,0.0397749919039434,10.14831431468148,642288,30,0.8591023823813598,0.0,0.0,0,0.0,0.0,0
acetaminophen,Pain,nausea,25416,0.03957103355504073,10.143173520469649,642288,30,0.8591023823813598,0.0,0.0,0,0.0,0.0,0
acetaminophen,Pain,headache,22344,0.034788132426575,10.014357861367552,642288,30,0.8591023823813598,0.0,0.0,0,0.0,0.0,0
acetaminophen,Pain,dyspnoea,19135,0.029791931345440052,9.859326656750358,642288,30,0.8591023823813598,0.0,0.0,0,0.0,0.0,0
acetaminophen,Pain,emotional distress,19019,0.029611327005953716,9.853246336099382,642288,30,0.8591023823813598,0.0,0.0,1,2.995732273553991,0.08870760797449642,1
acetaminophen,Pain,vomiting,18971,0.02953659417582144,9.850719486997471,642288,30,0.8591023823813598,0.0,0.0,0,0.0,0.0,0
acetaminophen,Pain,diarrhoea,18815,0.02929371247789154,9.842462850698354,642288,30,0.8591023823813598,0.0,0.0,0,0.0,0.0,0
acetaminophen,Pain,completed suicide,18483,0.028776810402809955,9.824660771990157,642288,30,0.8591023823813598,0.0,0.0,1,1.6094379124341003,0.04631448966121036,0
acetaminophen,Pain,arthralgia,18078,0.028146252148568866,9.802506322682014,642288,30,0.8591023823813598,0.0,0.0,0,0.05129329438755048,0.001443713997362768,0
acetaminophen,Pain,pyrexia,16355,0.025463654933612336,9.702350081484532,642288,30,0.8591023823813598,0.0,0.0,1,0.5108256237659907,0.013007487414824468,0
acetaminophen,Pain,rash,15186,0.023643599133099172,9.62819507773027,642288,30,0.8591023823813598,0.0,0.0,0,0.22314355131420976,0.00527591667640932,0
acetaminophen,Pain,pneumonia,14013,0.02181731559674165,9.54781210893048,642288,30,0.8591023823813598,0.0,0.0,0,0.10536051565782635,0.0022986836215422375,0
acetaminophen,Pain,dizziness,13979,0.02176437984206462,9.5453830157878,642288,30,0.8591023823813598,0.0,0.0,0,0.0,0.0,0
acetaminophen,Pain,anxiety,13973,0.021755038238298084,9.544953739112396,642288,30,0.8591023823813598,0.0,0.0,0,0.43078291609245434,0.0093716988119969,0
acetaminophen,Pain,malaise,13727,0.021372032483870165,9.527192821727743,642288,30,0.8591023823813598,0.0,0.0,0,0.0,0.0,0
acetaminophen,Pain,asthenia,13155,0.020481466258127197,9.484633207308947,642288,30,0.8591023823813598,0.0,0.0,0,0.0,0.0,0
acetaminophen,Pain,ill-defined disorder,12503,0.019466345315497097,9.433803872101313,642288,30,0.8591023823813598,0.0,0.0,1,2.995732273553991,0.058315958909781196,1
acetaminophen,Pain,fall,12312,0.01916897092892908,9.418410893792872,642288,30,0.8591023823813598,0.0,0.0,0,0.22314355131420976,0.004277432248120081,0
acetaminophen,Pain,condition aggravated,11994,0.018673865929302744,9.392245175273795,642288,30,0.8591023823813598,0.0,0.0,1,0.5108256237659907,0.009539089211458556,0
acetaminophen,Pain,pruritus,11968,0.018633385646314424,9.39007525287337,642288,30,0.8591023823813598,0.0,0.0,0,0.3566749439387324,0.0066460617807879785,0
acetaminophen,Pain,infusion related reaction,11592,0.01804797847694492,9.358156746670401,642288,30,0.8591023823813598,0.0,0.0,1,2.995732273553991,0.054066911595791696,1
acetaminophen,Pain,depression,11589,0.018043307675061654,9.357897936333798,642288,30,0.8591023823813598,0.0,0.0,1,0.9162907318741551,0.0165329155950128,0
metformin,Diabetes,nausea,29156,0.06913723109610351,10.28045030017158,421712,30,0.6759738169331473,0.0,0.0,0,0.0,0.0,0
metformin,Diabetes,diarrhoea,26887,0.06375678187957658,10.199435369404942,421712,30,0.6759738169331473,0.0,0.0,0,0.0,0.0,0
metformin,Diabetes,blood glucose increased,26852,0.06367378684979322,10.198132825539048,421712,30,0.6759738169331473,0.0,0.0,0,2.995732273553991,0.19074961824532324,1
metformin,Diabetes,drug ineffective,21790,0.051670334256554235,9.989252319496922,421712,30,0.6759738169331473,0.0,0.0,0,0.0,0.0,0
metformin,Diabetes,fatigue,20630,0.04891964184087719,9.934550077987947,421712,30,0.6759738169331473,0.0,0.0,0,0.0,0.0,0
metformin,Diabetes,lactic acidosis,19123,0.04534611298706226,9.858699369745993,421712,30,0.6759738169331473,0.0,0.0,0,2.995732273553991,0.13584481415556818,1
metformin,Diabetes,vomiting,18722,0.04439522707440149,9.837507993602152,421712,30,0.6759738169331473,0.0,0.0,0,0.0,0.0,0
metformin,Diabetes,acute kidney injury,17541,0.041594737640854425,9.772353284511327,421712,30,0.6759738169331473,0.0,0.0,0,0.43078291609245434,0.017918302375027843,0
metformin,Diabetes,weight decreased,16955,0.04020516371362447,9.738377032472528,421712,30,0.6759738169331473,0.0,0.0,0,0.5978370007556204,0.024036134489441953,0
metformin,Diabetes,dyspnoea,16229,0.03848360966726107,9.694616660508636,421712,30,0.6759738169331473,0.0,0.0,0,0.0,0.0,0
metformin,Diabetes,dizziness,15199,0.03604118450506507,9.629050706834368,421712,30,0.6759738169331473,0.0,0.0,0,0.0,0.0,0
metformin,Diabetes,headache,14540,0.034478506658572675,9.584727524513486,421712,30,0.6759738169331473,0.0,0.0,0,0.0,0.0,0
metformin,Diabetes,off label use,14512,0.03441211063474599,9.582800078470363,421712,30,0.6759738169331473,0.0,0.0,0,0.0,0.0,0
metformin,Diabetes,pain,13651,0.03237043290207535,9.521641310026597,421712,30,0.6759738169331473,0.0,0.0,0,0.0,0.0,0
metformin,Diabetes,asthenia,12951,0.030710532306408165,9.469005495357472,421712,30,0.6759738169331473,0.0,0.0,0,0.0,0.0,0
metformin,Diabetes,malaise,12400,0.029403953408961566,9.425532393502772,421712,30,0.6759738169331473,0.0,0.0,0,0.0,0.0,0
metformin,Diabetes,decreased appetite,11527,0.027333820237508064,9.352534137679358,421712,30,0.6759738169331473,0.0,0.0,0,1.2039728043259361,0.03290917620429361,0
metformin,Diabetes,fall,11175,0.02649912736654399,9.321523900936798,421712,30,0.6759738169331473,0.0,0.0,0,0.22314355131420976,0.005913109387298189,0
metformin,Diabetes,arthralgia,10278,0.024372083317524756,9.237858258012922,421712,30,0.6759738169331473,0.0,0.0,0,0.05129329438755048,0.0012501244444437052,0
metformin,Diabetes,pain in extremity,8960,0.021246727624539972,9.10063710688422,421712,30,0.6759738169331473,0.0,0.0,0,0.28768207245178085,0.006112302635846161,0
metformin,Diabetes,death,8932,0.02118033160071328,9.09750756370184,421712,30,0.6759738169331473,0.0,0.0,0,0.28768207245178085,0.006093201690109141,0
metformin,Diabetes,hypoglycaemia,8800,0.020867321774101756,9.082620630373812,421712,30,0.6759738169331473,0.0,0.0,0,2.995732273553991,0.06251290930131255,1
metformin,Diabetes,pneumonia,8688,0.020601737678795008,9.069813136839207,421712,30,0.6759738169331473,0.0,0.0,0,0.10536051565782635,0.0021706097052851124,0
metformin,Diabetes,pruritus,8360,0.019823955685396667,9.031333316150057,421712,30,0.6759738169331473,0.0,0.0,0,0.3566749439387324,0.007070708282732771,0
metformin,Diabetes,abdominal pain,8272,0.01961528246765565,9.020752479190183,421712,30,0.6759738169331473,0.0,0.0,1,1.6094379124341003,0.03156957926654892,0
metformin,Diabetes,hypotension,8177,0.01939001024395796,9.009202900924588,421712,30,0.6759738169331473,0.0,0.0,0,1.0498221244986776,0.020356061748363068,0
metformin,Diabetes,cough,8142,0.019307015214174602,9.004913941467132,421712,30,0.6759738169331473,0.0,0.0,0,0.5108256237659907,0.009862518089840214,0
metformin,Diabetes,rash,8127,0.01927144591569602,9.003070169818264,421712,30,0.6759738169331473,0.0,0.0,0,0.22314355131420976,0.004300298880588133,0
metformin,Diabetes,toxicity to various agents,7629,0.01809054520620708,8.939843124278502,421712,30,0.6759738169331473,0.0,0.0,1,1.0498221244986776,0.018991854601719683,0
metformin,Diabetes,injection site pain,7507,0.017801248245247942,8.9237243977064,421712,30,0.6759738169331473,0.0,0.0,0,2.995732273553991,0.053327773877835605,1
lisinopril,Blood Pressure,fatigue,20497,0.06371840425763411,9.928082599391509,321681,30,0.6065091378524781,0.0,0.0,0,0.0,0.0,0
lisinopril,Blood Pressure,nausea,19154,0.05954346075770717,9.860319057134749,321681,30,0.6065091378524781,0.0,0.0,0,0.0,0.0,0
lisinopril,Blood Pressure,drug ineffective,18505,0.05752593407754888,9.825850282808975,321681,30,0.6065091378524781,0.0,0.0,0,0.0,0.0,0
lisinopril,Blood Pressure,diarrhoea,17815,0.0553809519368567,9.787852208937204,321681,30,0.6065091378524781,0.0,0.0,0,0.0,0.0,0
lisinopril,Blood Pressure,dyspnoea,14319,0.04451304242401634,9.569412440514636,321681,30,0.6065091378524781,0.0,0.0,0,0.0,0.0,0
lisinopril,Blood Pressure,dizziness,14063,0.04371722296312185,9.551373619924957,321681,30,0.6065091378524781,0.0,0.0,0,0.0,0.0,0
lisinopril,Blood Pressure,pain,13909,0.04323848781867751,9.540363284917488,321681,30,0.6065091378524781,0.0,0.0,0,0.0,0.0,0
lisinopril,Blood Pressure,headache,13313,0.04138572063628253,9.496571392160648,321681,30,0.6065091378524781,0.0,0.0,0,0.0,0.0,0
lisinopril,Blood Pressure,asthenia,11187,0.03477668870713533,9.32259705432185,321681,30,0.6065091378524781,0.0,0.0,0,0.0,0.0,0
lisinopril,Blood Pressure,vomiting,11119,0.03456529916283523,9.316500567804573,321681,30,0.6065091378524781,0.0,0.0,0,0.0,0.0,0
lisinopril,Blood Pressure,off label use,10823,0.033645132911175976,9.289521169850625,321681,30,0.6065091378524781,0.0,0.0,0,0.0,0.0,0
lisinopril,Blood Pressure,arthralgia,9767,0.030362377634986212,9.18686701579054,321681,30,0.6065091378524781,0.0,0.0,0,0.05129329438755048,0.0015573863743373266,0
lisinopril,Blood Pressure,acute kidney injury,9754,0.030321964927987666,9.185535253057212,321681,30,0.6065091378524781,0.0,0.0,0,0.43078291609245434,0.013062184473331654,0
lisinopril,Blood Pressure,fall,9347,0.02905673633195619,9.142917695658749,321681,30,0.6065091378524781,0.0,0.0,0,0.22314355131420976,0.00648382333471333,0
lisinopril,Blood Pressure,chronic kidney disease,9246,0.028742760685275166,9.132054453577638,321681,30,0.6065091378524781,0.0,0.0,1,1.0498221244986776,0.03017478608657264,0
lisinopril,Blood Pressure,hypertension,8747,0.027191534470484734,9.076580381796658,321681,30,0.6065091378524781,0.0,0.0,0,1.6094379124341003,0.04376308647405683,0
lisinopril,Blood Pressure,rash,8710,0.027076513689027328,9.072341873818893,321681,30,0.6065091378524781,0.0,0.0,0,0.22314355131420976,0.006041949421777373,0
lisinopril,Blood Pressure,malaise,8682,0.026989470935491994,9.069122370060645,321681,30,0.6065091378524781,0.0,0.0,0,0.0,0.0,0
lisinopril,Blood Pressure,cough,8564,0.02662264790273594,9.05543941075822,321681,30,0.6065091378524781,0.0,0.0,0,0.5108256237659907,0.013599530721217432,0
lisinopril,Blood Pressure,death,8384,0.0260630873442945,9.034199674257309,321681,30,0.6065091378524781,0.0,0.0,0,0.28768207245178085,0.007497882981698423,0
lisinopril,Blood Pressure,weight decreased,8312,0.02583926312091793,9.025575833531088,321681,30,0.6065091378524781,0.0,0.0,0,0.5978370007556204,0.015447667565944886,0
lisinopril,Blood Pressure,pruritus,8130,0.025273485222938253,9.003439196207838,321681,30,0.6065091378524781,0.0,0.0,0,0.3566749439387324,0.009014418925027882,0
lisinopril,Blood Pressure,pain in extremity,8086,0.02513670375309701,8.998013113095823,321681,30,0.6065091378524781,0.0,0.0,0,0.28768207245178085,0.007231379030297406,0
lisinopril,Blood Pressure,angioedema,8057,0.025046552329792558,8.994420665751292,321681,30,0.6065091378524781,0.0,0.0,0,2.995732273553991,0.07503276515561846,1
lisinopril,Blood Pressure,renal failure,7677,0.0238652578175273,8.946114375560743,321681,30,0.6065091378524781,0.0,0.0,1,1.3862943611198906,0.03308427233911048,0
lisinopril,Blood Pressure,anxiety,7331,0.022789658077412095,8.900003608959596,321681,30,0.6065091378524781,0.0,0.0,0,0.43078291609245434,0.009817395363337538,0
lisinopril,Blood Pressure,pneumonia,7317,0.022746136700644428,8.898092345579153,321681,30,0.6065091378524781,0.0,0.0,0,0.10536051565782635,0.002396544692003306,0
lisinopril,Blood Pressure,decreased appetite,7001,0.021763797053602794,8.85395110151461,321681,30,0.6065091378524781,0.0,0.0,0,1.2039728043259361,0.0262030197714067,0
lisinopril,Blood Pressure,insomnia,6969,0.021664319620990982,8.84937050375457,321681,30,0.6065091378524781,0.0,0.0,0,0.6931471805599453,0.015016562064039401,0
lisinopril,Blood Pressure,hypotension,6896,0.021437386727845287,8.83884181343129,321681,30,0.6065091378524781,0.0,0.0,0,1.0498221244986776,0.022505442878326294,0
atorvastatin,Cholesterol,fatigue,19168,0.06298446746777336,9.86104966983816,304329,30,0.7440562484100446,0.0,0.0,0,0.0,0.0,0
atorvastatin,Cholesterol,diarrhoea,17127,0.05627790976213243,9.748469830269519,304329,30,0.7440562484100446,0.0,0.0,0,0.0,0.0,0
atorvastatin,Cholesterol,dyspnoea,15991,0.05254510743307408,9.679843876180236,304329,30,0.7440562484100446,0.0,0.0,0,0.0,0.0,0
atorvastatin,Cholesterol,nausea,15957,0.05243338623660578,9.677715549868227,304329,30,0.7440562484100446,0.0,0.0,0,0.0,0.0,0
atorvastatin,Cholesterol,drug ineffective,14910,0.048993030568890907,9.609854474590907,304329,30,0.7440562484100446,0.0,0.0,0,0.0,0.0,0
atorvastatin,Cholesterol,dizziness,13217,0.04342997216827841,9.489334816030398,304329,30,0.7440562484100446,0.0,0.0,0,0.0,0.0,0
atorvastatin,Cholesterol,off label use,12738,0.04185601766509271,9.452423433109788,304329,30,0.7440562484100446,0.0,0.0,0,0.0,0.0,0
atorvastatin,Cholesterol,headache,11723,0.03852081135875976,9.369393301830783,304329,30,0.7440562484100446,0.0,0.0,0,0.0,0.0,0
atorvastatin,Cholesterol,acute kidney injury,10866,0.03570478002425007,9.293485953062852,304329,30,0.7440562484100446,0.0,0.0,0,0.43078291609245434,0.015381009257286058,0
atorvastatin,Cholesterol,fall,10859,0.03568177860144778,9.292841593487926,304329,30,0.7440562484100446,0.0,0.0,0,0.22314355131420976,0.007962158794334434,0
atorvastatin,Cholesterol,asthenia,10856,0.03567192084881822,9.292565312231853,304329,30,0.7440562484100446,0.0,0.0,0,0.0,0.0,0
atorvastatin,Cholesterol,pain,10787,0.035445192538338444,9.28618968425962,304329,30,0.7440562484100446,0.0,0.0,0,0.0,0.0,0
atorvastatin,Cholesterol,death,9948,0.03268830771960608,9.20522732258936,304329,30,0.7440562484100446,0.0,0.0,0,0.28768207245178085,0.009403840109717823,0
atorvastatin,Cholesterol,arthralgia,9743,0.032014694623253126,9.184406989949679,304329,30,0.7440562484100446,0.0,0.0,0,0.05129329438755048,0.0016421391560380522,0
atorvastatin,Cholesterol,vomiting,9724,0.031952262189932606,9.182455168486648,304329,30,0.7440562484100446,0.0,0.0,0,0.0,0.0,0
atorvastatin,Cholesterol,malaise,9327,0.030647752925288093,9.140775908590273,304329,30,0.7440562484100446,0.0,0.0,0,0.0,0.0,0
atorvastatin,Cholesterol,myalgia,9188,0.030191010386785355,9.125762395500885,304329,30,0.7440562484100446,0.0,0.0,1,2.302585092994046,0.06951737045904036,1
atorvastatin,Cholesterol,drug interaction,8176,0.02686566183308196,9.009080614161977,304329,30,0.7440562484100446,0.0,0.0,1,0.6931471805599453,0.018621857753477692,0
atorvastatin,Cholesterol,weight decreased,7798,0.025623585001757966,8.961750799330497,304329,30,0.7440562484100446,0.0,0.0,0,0.5978370007556204,0.01531872720605768,0
atorvastatin,Cholesterol,pneumonia,7771,0.025534865228091966,8.95828281049733,304329,30,0.7440562484100446,0.0,0.0,0,0.10536051565782635,0.002690366567684869,0
atorvastatin,Cholesterol,pruritus,7666,0.025189843886057522,8.944680683558895,304329,30,0.7440562484100446,0.0,0.0,0,0.3566749439387324,0.008984586155884988,0
atorvastatin,Cholesterol,pain in extremity,7643,0.025114267782564266,8.941676305360163,304329,30,0.7440562484100446,0.0,0.0,0,0.28768207245178085,0.007224924603797079,0
atorvastatin,Cholesterol,cough,7514,0.024690384419493377,8.924656302187074,304329,30,0.7440562484100446,0.0,0.0,0,0.5108256237659907,0.012612481022109804,0
atorvastatin,Cholesterol,rash,7331,0.02408906150909049,8.900003608959596,304329,30,0.7440562484100446,0.0,0.0,0,0.22314355131420976,0.005375318732964889,0
atorvastatin,Cholesterol,decreased appetite,6904,0.022685974718150422,8.840001065843392,304329,30,0.7440562484100446,0.0,0.0,0,1.2039728043259361,0.02731329660027885,0
atorvastatin,Cholesterol,hypotension,6700,0.022015647539340648,8.81001204797317,304329,30,0.7440562484100446,0.0,0.0,0,1.0498221244986776,0.023112513871964682,0
atorvastatin,Cholesterol,constipation,6329,0.02079657213081895,8.753055515138222,304329,30,0.7440562484100446,0.0,0.0,0,1.2039728043259361,0.0250385072687087,0
atorvastatin,Cholesterol,pyrexia,6293,0.02067827909926428,8.747352077624353,304329,30,0.7440562484100446,0.0,0.0,1,0.5108256237659907,0.010562994819288926,0
atorvastatin,Cholesterol,chronic kidney disease,6121,0.020113101281836434,8.719644119505357,304329,30,0.7440562484100446,0.0,0.0,1,1.0498221244986776,0.0211151787179546,0
atorvastatin,Cholesterol,anaemia,5954,0.01956435305212451,8.691986481789401,304329,30,0.7440562484100446,0.0,0.0,1,1.8971199848858813,0.03711592516654849,0
omeprazole,GI/Acid Reflux,nausea,21185,0.058747840458779454,9.961095865156441,360609,30,0.7389124620541004,0.0,0.0,0,0.0,0.0,0
omeprazole,GI/Acid Reflux,diarrhoea,21002,0.05824036560374256,9.952420563645306,360609,30,0.7389124620541004,0.0,0.0,0,0.0,0.0,0
omeprazole,GI/Acid Reflux,fatigue,20961,0.058126669051521175,9.950466553730122,360609,30,0.7389124620541004,0.0,0.0,0,0.0,0.0,0
omeprazole,GI/Acid Reflux,dyspnoea,17278,0.047913390958073704,9.757247170313121,360609,30,0.7389124620541004,0.0,0.0,0,0.0,0.0,0
omeprazole,GI/Acid Reflux,drug ineffective,17080,0.04736431980344362,9.74572201363806,360609,30,0.7389124620541004,0.0,0.0,0,0.0,0.0,0
omeprazole,GI/Acid Reflux,headache,15498,0.042977296739682036,9.648530784697051,360609,30,0.7389124620541004,0.0,0.0,0,0.0,0.0,0
omeprazole,GI/Acid Reflux,chronic kidney disease,14868,0.041230252156768135,9.607033787697222,360609,30,0.7389124620541004,0.0,0.0,1,1.0498221244986776,0.04328443091283451,0
omeprazole,GI/Acid Reflux,pain,14477,0.040145975280705695,9.580385534853086,360609,30,0.7389124620541004,0.0,0.0,0,0.0,0.0,0
omeprazole,GI/Acid Reflux,vomiting,14096,0.039089429271038714,9.553717287770926,360609,30,0.7389124620541004,0.0,0.0,0,0.0,0.0,0
omeprazole,GI/Acid Reflux,dizziness,13918,0.03859581984919955,9.5410100922274,360609,30,0.7389124620541004,0.0,0.0,0,0.0,0.0,0
omeprazole,GI/Acid Reflux,off label use,13138,0.03643281227035376,9.483340185641822,360609,30,0.7389124620541004,0.0,0.0,0,0.0,0.0,0
omeprazole,GI/Acid Reflux,acute kidney injury,12619,0.03499358030442945,9.443038136095204,360609,30,0.7389124620541004,0.0,0.0,0,0.43078291609245434,0.015074636568057595,0
omeprazole,GI/Acid Reflux,malaise,11583,0.03212066254585992,9.357380114625498,360609,30,0.7389124620541004,0.0,0.0,0,0.0,0.0,0
omeprazole,GI/Acid Reflux,asthenia,11351,0.03147730644548528,9.337149218839878,360609,30,0.7389124620541004,0.0,0.0,0,0.0,0.0,0
omeprazole,GI/Acid Reflux,arthralgia,11212,0.0310918474025884,9.324829098460881,360609,30,0.7389124620541004,0.0,0.0,0,0.05129329438755048,0.0015948032818737636,0
omeprazole,GI/Acid Reflux,fall,11176,0.03099201628356475,9.321613374385612,360609,30,0.7389124620541004,0.0,0.0,0,0.22314355131420976,0.006915668575902455,0
omeprazole,GI/Acid Reflux,pneumonia,10431,0.028926066737103066,9.252633284166434,360609,30,0.7389124620541004,0.0,0.0,0,0.10536051565782635,0.0030476653073738774,0
omeprazole,GI/Acid Reflux,death,10005,0.027744731828656524,9.21094019204815,360609,30,0.7389124620541004,0.0,0.0,0,0.28768207245178085,0.007981661952086796,0
omeprazole,GI/Acid Reflux,pyrexia,9462,0.02623894578338311,9.155144736508232,360609,30,0.7389124620541004,0.0,0.0,1,0.5108256237659907,0.01340352584675869,0
omeprazole,GI/Acid Reflux,rash,8746,0.024253415749468262,9.076466063419854,360609,30,0.7389124620541004,0.0,0.0,0,0.22314355131420976,0.005411993321836335,0
omeprazole,GI/Acid Reflux,pain in extremity,8562,0.02374316780779182,9.055205875026193,360609,30,0.7389124620541004,0.0,0.0,0,0.28768207245178085,0.006830483721515956,0
omeprazole,GI/Acid Reflux,cough,8536,0.023671067555163627,9.052164937010307,360609,30,0.7389124620541004,0.0,0.0,0,0.5108256237659907,0.012091787849073365,0
omeprazole,GI/Acid Reflux,weight decreased,8531,0.023657202121965898,9.05157907959124,360609,30,0.7389124620541004,0.0,0.0,0,0.5978370007556204,0.014143150762865592,0
omeprazole,GI/Acid Reflux,pruritus,8454,0.023443674450720865,9.042513261332681,360609,30,0.7389124620541004,0.0,0.0,0,0.3566749439387324,0.008361771270428758,0
omeprazole,GI/Acid Reflux,drug interaction,8212,0.022772587483950762,9.013473543740192,360609,30,0.7389124620541004,0.0,0.0,1,0.6931471805599453,0.01578475480855517,0
omeprazole,GI/Acid Reflux,renal failure,7933,0.02199889631151746,8.978912601074276,360609,30,0.7389124620541004,0.0,0.0,1,1.3862943611198906,0.030496945907517815,0
omeprazole,GI/Acid Reflux,abdominal pain,7836,0.02172990690748151,8.966611387052865,360609,30,0.7389124620541004,0.0,0.0,1,1.6094379124341003,0.03497293601056438,0
omeprazole,GI/Acid Reflux,constipation,7782,0.021580160228946033,8.959697146959389,360609,30,0.7389124620541004,0.0,0.0,0,1.2039728043259361,0.02598192602864719,0
omeprazole,GI/Acid Reflux,back pain,7352,0.020387732973941305,8.902863672196222,360609,30,0.7389124620541004,0.0,0.0,0,1.2039728043259361,0.02454627604248447,0
omeprazole,GI/Acid Reflux,decreased appetite,7325,0.020312859634673566,8.89918494333876,360609,30,0.7389124620541004,0.0,0.0,0,1.2039728043259361,0.024456130578237045,0
amoxicillin,Antibiotic,diarrhoea,6683,0.05590690826348107,8.807471889715284,119538,30,0.8328678762544819,0.0,0.0,0,0.0,0.0,0
amoxicillin,Antibiotic,drug ineffective,5835,0.04881292977965166,8.671800909642677,119538,30,0.8328678762544819,0.0,0.0,0,0.0,0.0,0
amoxicillin,Antibiotic,dyspnoea,5823,0.04871254329167294,8.669742589876522,119538,30,0.8328678762544819,0.0,0.0,0,0.0,0.0,0
amoxicillin,Antibiotic,nausea,5581,0.046688082450768796,8.627302414096267,119538,30,0.8328678762544819,0.0,0.0,0,0.0,0.0,0
amoxicillin,Antibiotic,acute kidney injury,5237,0.04381033646204554,8.563695025067657,119538,30,0.8328678762544819,0.0,0.0,0,0.43078291609245434,0.018872744496111555,0
amoxicillin,Antibiotic,rash,5170,0.0432498452374977,8.550821372396221,119538,30,0.8328678762544819,0.0,0.0,0,0.22314355131420976,0.009650924060085199,0
amoxicillin,Antibiotic,chronic kidney disease,4996,0.041794241161806286,8.516593011344206,119538,30,0.8328678762544819,0.0,0.0,1,1.0498221244986776,0.043876519048297556,0
amoxicillin,Antibiotic,fatigue,4872,0.040756914119359534,8.491465042843506,119538,30,0.8328678762544819,0.0,0.0,0,0.0,0.0,0
amoxicillin,Antibiotic,off label use,4802,0.04017132627281701,8.476996001664824,119538,30,0.8328678762544819,0.0,0.0,0,0.0,0.0,0
amoxicillin,Antibiotic,pyrexia,4774,0.039937091134200006,8.471149252914831,119538,30,0.8328678762544819,0.0,0.0,1,0.5108256237659907,0.020400889490026938,0
amoxicillin,Antibiotic,pain,4732,0.03958573842627449,8.462314529906248,119538,30,0.8328678762544819,0.0,0.0,0,0.0,0.0,0
amoxicillin,Antibiotic,drug hypersensitivity,4670,0.03906707490505111,8.449128460502108,119538,30,0.8328678762544819,0.0,0.0,1,1.6094379124341003,0.06287603148009209,0
amoxicillin,Antibiotic,vomiting,4585,0.038356003948535194,8.43076346341785,119538,30,0.8328678762544819,0.0,0.0,0,0.0,0.0,0
amoxicillin,Antibiotic,pruritus,4364,0.036507219461593805,8.381373468273702,119538,30,0.8328678762544819,0.0,0.0,0,0.3566749439387324,0.013021210454822971,0
amoxicillin,Antibiotic,headache,4127,0.034524586324014124,8.325548307161398,119538,30,0.8328678762544819,0.0,0.0,0,0.0,0.0,0
amoxicillin,Antibiotic,malaise,3738,0.03127039100537068,8.226573474977114,119538,30,0.8328678762544819,0.0,0.0,0,0.0,0.0,0
amoxicillin,Antibiotic,pneumonia,3624,0.030316719369572854,8.195609567288775,119538,30,0.8328678762544819,0.0,0.0,0,0.10536051565782635,0.0031941851858318083,0
amoxicillin,Antibiotic,renal failure,3554,0.029731131523030332,8.176110342237342,119538,30,0.8328678762544819,0.0,0.0,1,1.3862943611198906,0.04121609998009077,0
amoxicillin,Antibiotic,dizziness,3038,0.025414512539945457,8.019283792916793,119538,30,0.8328678762544819,0.0,0.0,0,0.0,0.0,0
amoxicillin,Antibiotic,anxiety,2975,0.024887483478057186,7.998335395952982,119538,30,0.8328678762544819,0.0,0.0,0,0.43078291609245434,0.010721102706880252,0
amoxicillin,Antibiotic,urticaria,2964,0.024795462530743363,7.994632311431825,119538,30,0.8328678762544819,0.0,0.0,1,2.302585092994046,0.05709366239718209,1
amoxicillin,Antibiotic,asthenia,2788,0.023323127373722163,7.933438387627489,119538,30,0.8328678762544819,0.0,0.0,0,0.0,0.0,0
amoxicillin,Antibiotic,erythema,2785,0.023298030751727483,7.932362154339751,119538,30,0.8328678762544819,0.0,0.0,1,2.995732273553991,0.06979466263320337,1
amoxicillin,Antibiotic,abdominal pain,2782,0.023272934129732803,7.931284761525891,119538,30,0.8328678762544819,0.0,0.0,1,1.6094379124341003,0.03745634252197349,0
amoxicillin,Antibiotic,cough,2766,0.023139085479094514,7.925518979786926,119538,30,0.8328678762544819,0.0,0.0,0,0.5108256237659907,0.011820037773233033,0
amoxicillin,Antibiotic,condition aggravated,2702,0.022603690876541353,7.902117546276448,119538,30,0.8328678762544819,0.0,0.0,1,0.5108256237659907,0.01154654449142287,0
amoxicillin,Antibiotic,arthralgia,2521,0.021089528016195687,7.8328075165248645,119538,30,0.8328678762544819,0.0,0.0,0,0.05129329438755048,0.0010817513690292188,0
amoxicillin,Antibiotic,hypersensitivity,2464,0.020612692198296777,7.80994708647679,119538,30,0.8328678762544819,0.0,0.0,1,2.302585092994046,0.047462477782272826,1
amoxicillin,Antibiotic,weight decreased,2318,0.019391323261222372,7.7488913372555315,119538,30,0.8328678762544819,0.0,0.0,0,0.5978370007556204,0.011592850539171879,0
amoxicillin,Antibiotic,drug interaction,2268,0.018973046227977713,7.727094484779841,119538,30,0.8328678762544819,0.0,0.0,1,0.6931471805599453,0.013151113499556256,0
sertraline,Antidepressant,drug ineffective,8509,0.060494248460805644,9.04899722156742,140658,30,0.7824756046735554,0.0,0.0,0,0.0,0.0,0
sertraline,Antidepressant,nausea,8442,0.06001791579575993,9.0410929746695,140658,30,0.7824756046735554,0.0,0.0,0,0.0,0.0,0
sertraline,Antidepressant,fatigue,7598,0.05401754610473631,8.935771938669784,140658,30,0.7824756046735554,0.0,0.0,0,0.0,0.0,0
sertraline,Antidepressant,headache,6805,0.04837975799456839,8.82555985506085,140658,30,0.7824756046735554,0.0,0.0,0,0.0,0.0,0
sertraline,Antidepressant,diarrhoea,6679,0.04748396820657197,8.806873266530692,140658,30,0.7824756046735554,0.0,0.0,0,0.0,0.0,0
sertraline,Antidepressant,anxiety,6037,0.04291970595344737,8.705828110266784,140658,30,0.7824756046735554,0.0,0.0,0,0.43078291609245434,0.01848907608845673,0
sertraline,Antidepressant,dizziness,6037,0.04291970595344737,8.705828110266784,140658,30,0.7824756046735554,0.0,0.0,0,0.0,0.0,0
sertraline,Antidepressant,off label use,5740,0.0408082014531701,8.655388690167637,140658,30,0.7824756046735554,0.0,0.0,0,0.0,0.0,0
sertraline,Antidepressant,drug interaction,5539,0.03937920345803296,8.61974977974133,140658,30,0.7824756046735554,0.0,0.0,1,0.6931471805599453,0.027295583849631995,0
sertraline,Antidepressant,depression,5365,0.03814216041746648,8.58783803098557,140658,30,0.7824756046735554,0.0,0.0,1,0.9162907318741551,0.03494930808418179,0
sertraline,Antidepressant,vomiting,5273,0.03748809168337386,8.570544366913232,140658,30,0.7824756046735554,0.0,0.0,0,0.0,0.0,0
sertraline,Antidepressant,dyspnoea,5008,0.03560408935147663,8.518991573357617,140658,30,0.7824756046735554,0.0,0.0,0,0.0,0.0,0
sertraline,Antidepressant,fall,4765,0.033876494760340686,8.469262657658687,140658,30,0.7824756046735554,0.0,0.0,0,0.22314355131420976,0.00755932134689964,0
sertraline,Antidepressant,pain,4390,0.03121045372463706,8.387312270561717,140658,30,0.7824756046735554,0.0,0.0,0,0.0,0.0,0
sertraline,Antidepressant,insomnia,4208,0.02991653514197557,8.344980368770571,140658,30,0.7824756046735554,0.0,0.0,0,0.6931471805599453,0.02073656198578289,0
sertraline,Antidepressant,toxicity to various agents,4075,0.02897097925464602,8.312871394342615,140658,30,0.7824756046735554,0.0,0.0,1,1.0498221244986776,0.030414374989919602,0
sertraline,Antidepressant,malaise,4059,0.028857228170456,8.308938252595778,140658,30,0.7824756046735554,0.0,0.0,0,0.0,0.0,0
sertraline,Antidepressant,asthenia,3853,0.027392682961509478,8.256866848974312,140658,30,0.7824756046735554,0.0,0.0,0,0.0,0.0,0
sertraline,Antidepressant,condition aggravated,3755,0.026695957570845596,8.231109840328154,140658,30,0.7824756046735554,0.0,0.0,1,0.5108256237659907,0.013636979178157625,0
sertraline,Antidepressant,tremor,3551,0.025245631247422826,8.17526610411206,140658,30,0.7824756046735554,0.0,0.0,1,2.302585092994046,0.05813021417354048,1
sertraline,Antidepressant,somnolence,3534,0.02512477072047093,8.170468578330674,140658,30,0.7824756046735554,0.0,0.0,0,1.3862943611198906,0.034830327974218984,0
sertraline,Antidepressant,confusional state,3436,0.02442804532980705,8.142354276849835,140658,30,0.7824756046735554,0.0,0.0,1,2.302585092994046,0.05624765302739653,1
sertraline,Antidepressant,arthralgia,3307,0.023510927213525004,8.104099056143582,140658,30,0.7824756046735554,0.0,0.0,0,0.05129329438755048,0.00120595291088761,0
sertraline,Antidepressant,death,3253,0.02312701730438368,8.087640287778983,140658,30,0.7824756046735554,0.0,0.0,0,0.28768207245178085,0.006653228267753296,0
sertraline,Antidepressant,suicidal ideation,3246,0.02307725120505055,8.085486772102845,140658,30,0.7824756046735554,0.0,0.0,1,2.302585092994046,0.05313733461202828,1
sertraline,Antidepressant,completed suicide,2894,0.02057472735287008,7.970740390007095,140658,30,0.7824756046735554,0.0,0.0,1,1.6094379124341003,0.033113746239704006,0
sertraline,Antidepressant,pneumonia,2883,0.020496523482489443,7.96693349840484,140658,30,0.7824756046735554,0.0,0.0,0,0.10536051565782635,0.0021595242833078346,0
sertraline,Antidepressant,intentional overdose,2859,0.02032589685620441,7.958576903813898,140658,30,0.7824756046735554,0.0,0.0,1,2.302585092994046,0.046802107102830816,1
sertraline,Antidepressant,pruritus,2800,0.01990643973325371,7.937731775260109,140658,30,0.7824756046735554,0.0,0.0,0,0.3566749439387324,0.007100128275878022,0
sertraline,Antidepressant,decreased appetite,2758,0.0196078431372549,7.922623574217286,140658,30,0.7824756046735554,0.0,0.0,0,1.2039728043259361,0.023607309888743846,0
fluoxetine,Antidepressant,drug ineffective,4718,0.053865826368908985,8.459352191726387,87588,30,0.7875788648218338,0.0,0.0,0,0.0,0.0,0
fluoxetine,Antidepressant,drug interaction,4349,0.049652920491391514,8.37793112408273,87588,30,0.7875788648218338,0.0,0.0,1,0.6931471805599453,0.03441678184517516,0
fluoxetine,Antidepressant,nausea,4326,0.049390327442115356,8.372629740224884,87588,30,0.7875788648218338,0.0,0.0,0,0.0,0.0,0
fluoxetine,Antidepressant,fatigue,4321,0.04933324199662054,8.371473537066832,87588,30,0.7875788648218338,0.0,0.0,0,0.0,0.0,0
fluoxetine,Antidepressant,toxicity to various agents,4227,0.04826003562131799,8.349484346990128,87588,30,0.7875788648218338,0.0,0.0,1,1.0498221244986776,0.050664453124353914,0
fluoxetine,Antidepressant,headache,3897,0.044492396218660094,8.268218880067506,87588,30,0.7875788648218338,0.0,0.0,0,0.0,0.0,0
fluoxetine,Antidepressant,completed suicide,3635,0.0415011188747317,8.19863945529737,87588,30,0.7875788648218338,0.0,0.0,1,1.6094379124341003,0.06679347412542762,0
fluoxetine,Antidepressant,off label use,3426,0.039114947253048364,8.139440521874608,87588,30,0.7875788648218338,0.0,0.0,0,0.0,0.0,0
fluoxetine,Antidepressant,diarrhoea,3243,0.03702561994793807,8.084562415235304,87588,30,0.7875788648218338,0.0,0.0,0,0.0,0.0,0
fluoxetine,Antidepressant,dizziness,3217,0.03672877563136503,8.076515327552329,87588,30,0.7875788648218338,0.0,0.0,0,0.0,0.0,0
fluoxetine,Antidepressant,anxiety,3198,0.036511850938484726,8.070593539949519,87588,30,0.7875788648218338,0.0,0.0,0,0.43078291609245434,0.015728681619213467,0
fluoxetine,Antidepressant,depression,3077,0.03513038315751016,8.032035314398824,87588,30,0.7875788648218338,0.0,0.0,1,0.9162907318741551,0.03218964449441448,0
fluoxetine,Antidepressant,vomiting,2983,0.034057176782207606,8.001019961323651,87588,30,0.7875788648218338,0.0,0.0,0,0.0,0.0,0
fluoxetine,Antidepressant,dyspnoea,2957,0.03376033246563456,7.992268643270745,87588,30,0.7875788648218338,0.0,0.0,0,0.0,0.0,0
fluoxetine,Antidepressant,fall,2773,0.03165958807142531,7.928045600874777,87588,30,0.7875788648218338,0.0,0.0,0,0.22314355131420976,0.007064632915402837,0
fluoxetine,Antidepressant,intentional overdose,2710,0.03094031145819062,7.905072849498666,87588,30,0.7875788648218338,0.0,0.0,1,2.302585092994046,0.07124269993622259,1
fluoxetine,Antidepressant,pain,2625,0.02996985888477874,7.873217054862741,87588,30,0.7875788648218338,0.0,0.0,0,0.0,0.0,0
fluoxetine,Antidepressant,malaise,2500,0.028542722747408322,7.824445930877619,87588,30,0.7875788648218338,0.0,0.0,0,0.0,0.0,0
fluoxetine,Antidepressant,suicidal ideation,2338,0.026693154313376263,7.757478766584179,87588,30,0.7875788648218338,0.0,0.0,1,2.302585092994046,0.0614632592069699,1
fluoxetine,Antidepressant,somnolence,2288,0.026122299858428094,7.735870319952567,87588,30,0.7875788648218338,0.0,0.0,0,1.3862943611198906,0.036213196993221786,0
fluoxetine,Antidepressant,insomnia,2241,0.025585696670776818,7.715123603632105,87588,30,0.7875788648218338,0.0,0.0,0,0.6931471805599453,0.01773465351001093,0
fluoxetine,Antidepressant,serotonin syndrome,2209,0.02522034981960999,7.700747794511798,87588,30,0.7875788648218338,0.0,0.0,1,2.995732273553991,0.07555341590492722,1
fluoxetine,Antidepressant,condition aggravated,2174,0.024820751701146275,7.684783943522785,87588,30,0.7875788648218338,0.0,0.0,1,0.5108256237659907,0.01267907597007882,0
fluoxetine,Antidepressant,suicide attempt,2173,0.02480933461204731,7.684324067681155,87588,30,0.7875788648218338,0.0,0.0,1,2.995732273553991,0.07432212438271021,1
fluoxetine,Antidepressant,tremor,2150,0.024546741562771156,7.67368812926773,87588,30,0.7875788648218338,0.0,0.0,1,2.302585092994046,0.05652096120401424,1
fluoxetine,Antidepressant,asthenia,2108,0.024067223820614696,7.653969180478774,87588,30,0.7875788648218338,0.0,0.0,0,0.0,0.0,0
fluoxetine,Antidepressant,death,2040,0.02329086176188519,7.621195162809845,87588,30,0.7875788648218338,0.0,0.0,0,0.28768207245178085,0.006700363380847067,0
fluoxetine,Antidepressant,arthralgia,1951,0.022274740832077453,7.5766097669730375,87588,30,0.7875788648218338,0.0,0.0,0,0.05129329438755048,0.00114254483890614,0
fluoxetine,Antidepressant,drug abuse,1886,0.02153263004064484,7.54274354536855,87588,30,0.7875788648218338,0.0,0.0,1,2.302585092994046,0.04958071294454458,1
fluoxetine,Antidepressant,weight increased,1848,0.02109878065488423,7.522400231387125,87588,30,0.7875788648218338,0.0,0.0,1,2.302585092994046,0.048581737816287586,1
loratadine,Allergy,drug ineffective,3937,0.07593642711105968,8.278428259199071,51846,30,0.5981815660717469,0.0,0.0,0,0.0,0.0,0
loratadine,Allergy,fatigue,3334,0.06430582880067894,8.112227958349724,51846,30,0.5981815660717469,0.0,0.0,0,0.0,0.0,0
loratadine,Allergy,nausea,2829,0.05456544381437334,7.948031990637284,51846,30,0.5981815660717469,0.0,0.0,0,0.0,0.0,0
loratadine,Allergy,dyspnoea,2540,0.048991243297457854,7.840312983320164,51846,30,0.5981815660717469,0.0,0.0,0,0.0,0.0,0
loratadine,Allergy,headache,2524,0.04868263704046599,7.83399634170946,51846,30,0.5981815660717469,0.0,0.0,0,0.0,0.0,0
loratadine,Allergy,diarrhoea,2469,0.04762180303205647,7.8119734296220225,51846,30,0.5981815660717469,0.0,0.0,0,0.0,0.0,0
loratadine,Allergy,off label use,2319,0.04472861937275778,7.749322464660356,51846,30,0.5981815660717469,0.0,0.0,0,0.0,0.0,0
loratadine,Allergy,dizziness,2198,0.04239478455425684,7.695757990554761,51846,30,0.5981815660717469,0.0,0.0,0,0.0,0.0,0
loratadine,Allergy,pain,2071,0.039945222389383944,7.6362696033793735,51846,30,0.5981815660717469,0.0,0.0,0,0.0,0.0,0
loratadine,Allergy,rash,1680,0.03240365698414535,7.427144133408616,51846,30,0.5981815660717469,0.0,0.0,0,0.22314355131420976,0.00723066709500969,0
loratadine,Allergy,pneumonia,1589,0.030648458897504147,7.371489295214277,51846,30,0.5981815660717469,0.0,0.0,0,0.10536051565782635,0.003229137433558733,0
loratadine,Allergy,vomiting,1566,0.030204837403078347,7.356918242356021,51846,30,0.5981815660717469,0.0,0.0,0,0.0,0.0,0
loratadine,Allergy,pruritus,1564,0.030166261620954364,7.355641102974253,51846,30,0.5981815660717469,0.0,0.0,0,0.3566749439387324,0.010759549672495032,0
loratadine,Allergy,cough,1532,0.029549049106970645,7.334981878871814,51846,30,0.5981815660717469,0.0,0.0,0,0.5108256237659907,0.01509441144176017,0
loratadine,Allergy,asthenia,1475,0.02844963931643714,7.297091005160418,51846,30,0.5981815660717469,0.0,0.0,0,0.0,0.0,0
loratadine,Allergy,arthralgia,1452,0.028006017822011342,7.2813856635702825,51846,30,0.5981815660717469,0.0,0.0,0,0.05129329438755048,0.001436520916767413,0
loratadine,Allergy,anxiety,1422,0.027427381090151602,7.260522598089852,51846,30,0.5981815660717469,0.0,0.0,0,0.43078291609245434,0.011815247206794546,0
loratadine,Allergy,somnolence,1401,0.027022335377849784,7.2456550675945355,51846,30,0.5981815660717469,0.0,0.0,0,1.3862943611198906,0.037460911158603685,0
loratadine,Allergy,malaise,1355,0.026135092388998186,7.212294468500341,51846,30,0.5981815660717469,0.0,0.0,0,0.0,0.0,0
loratadine,Allergy,insomnia,1319,0.025440728310766502,7.1853870155804165,51846,30,0.5981815660717469,0.0,0.0,0,0.6931471805599453,0.017634169099999382,0
loratadine,Allergy,pyrexia,1299,0.025054970489526675,7.170119543449628,51846,30,0.5981815660717469,0.0,0.0,1,0.5108256237659907,0.012798720928750954,0
loratadine,Allergy,fall,1287,0.02482351579678278,7.160845906664299,51846,30,0.5981815660717469,0.0,0.0,0,0.22314355131420976,0.0055392074709984945,0
loratadine,Allergy,chronic kidney disease,1220,0.023531227095629364,7.107425474110705,51846,30,0.5981815660717469,0.0,0.0,1,1.0498221244986776,0.024703602821594468,0
loratadine,Allergy,pain in extremity,1136,0.021911044246422096,7.036148493750536,51846,30,0.5981815660717469,0.0,0.0,0,0.28768207245178085,0.0063034146183933775,0
loratadine,Allergy,depression,1092,0.02106237703969448,6.996681488176539,51846,30,0.5981815660717469,0.0,0.0,1,0.9162907318741551,0.019299260872711055,0
loratadine,Allergy,condition aggravated,1074,0.020715195000578637,6.980075940561763,51846,30,0.5981815660717469,0.0,0.0,1,0.5108256237659907,0.010581852407604715,0
loratadine,Allergy,death,1070,0.02063804343633067,6.976348070447749,51846,30,0.5981815660717469,0.0,0.0,0,0.28768207245178085,0.0059371951071134806,0
loratadine,Allergy,back pain,1051,0.020271573506152836,6.9584483932976555,51846,30,0.5981815660717469,0.0,0.0,0,1.2039728043259361,0.02440642320230218,0
loratadine,Allergy,acute kidney injury,1032,0.019905103575975004,6.940222469119639,51846,30,0.5981815660717469,0.0,0.0,0,0.43078291609245434,0.008574778563580854,0
loratadine,Allergy,constipation,1009,0.019461482081549204,6.917705609835305,51846,30,0.5981815660717469,0.0,0.0,0,1.2039728043259361,0.02343109515806175,0
metoprolol,Cardiovascular,fatigue,21248,0.06639004149377593,9.964065114421732,320048,30,0.6922874876878098,0.0,0.0,0,0.0,0.0,0
metoprolol,Cardiovascular,dyspnoea,18417,0.0575444933260011,9.821083726281312,320048,30,0.6922874876878098,0.0,0.0,0,0.0,0.0,0
metoprolol,Cardiovascular,diarrhoea,18075,0.05647590361445783,9.802340370531171,320048,30,0.6922874876878098,0.0,0.0,0,0.0,0.0,0
metoprolol,Cardiovascular,nausea,17667,0.055201094835774636,9.779510372716418,320048,30,0.6922874876878098,0.0,0.0,0,0.0,0.0,0
metoprolol,Cardiovascular,drug ineffective,15917,0.04973316502524621,9.675205823365795,320048,30,0.6922874876878098,0.0,0.0,0,0.0,0.0,0
metoprolol,Cardiovascular,dizziness,15326,0.047886567014947756,9.637371257998907,320048,30,0.6922874876878098,0.0,0.0,0,0.0,0.0,0
metoprolol,Cardiovascular,off label use,12902,0.04031270309453582,9.465215121451847,320048,30,0.6922874876878098,0.0,0.0,0,0.0,0.0,0
metoprolol,Cardiovascular,death,12691,0.03965342698595211,9.448727152703086,320048,30,0.6922874876878098,0.0,0.0,0,0.28768207245178085,0.011407580055134077,0
metoprolol,Cardiovascular,asthenia,12218,0.03817552367144928,9.410747396316522,320048,30,0.6922874876878098,0.0,0.0,0,0.0,0.0,0
metoprolol,Cardiovascular,headache,11945,0.03732252662100685,9.388151773292252,320048,30,0.6922874876878098,0.0,0.0,0,0.0,0.0,0
metoprolol,Cardiovascular,fall,11544,0.036069589561565765,9.354007721788596,320048,30,0.6922874876878098,0.0,0.0,0,0.22314355131420976,0.008048696309213735,0
metoprolol,Cardiovascular,pain,11508,0.035957106434034894,9.350884616968491,320048,30,0.6922874876878098,0.0,0.0,0,0.0,0.0,0
metoprolol,Cardiovascular,hypotension,9502,0.029689296605509174,9.159362817211315,320048,30,0.6922874876878098,0.0,0.0,0,1.0498221244986776,0.03116848043726702,0
metoprolol,Cardiovascular,vomiting,9342,0.02918937159426086,9.142382678792956,320048,30,0.6922874876878098,0.0,0.0,0,0.0,0.0,0
metoprolol,Cardiovascular,pneumonia,9246,0.028889416587511874,9.132054453577638,320048,30,0.6922874876878098,0.0,0.0,0,0.10536051565782635,0.003043803828714013,0
metoprolol,Cardiovascular,arthralgia,8612,0.026908463730440434,9.061027968789174,320048,30,0.6922874876878098,0.0,0.0,0,0.05129329438755048,0.001380223751642206,0
metoprolol,Cardiovascular,atrial fibrillation,8381,0.026186696995450683,9.033841828485016,320048,30,0.6922874876878098,0.0,0.0,1,2.302585092994046,0.06029709813647671,1
metoprolol,Cardiovascular,weight decreased,8326,0.026014847772834075,9.02725852623582,320048,30,0.6922874876878098,0.0,0.0,0,0.5978370007556204,0.015552638567625154,0
metoprolol,Cardiovascular,malaise,8257,0.02579925511173324,9.018937706446035,320048,30,0.6922874876878098,0.0,0.0,0,0.0,0.0,0
metoprolol,Cardiovascular,cough,7915,0.02473066540018997,8.976641306722456,320048,30,0.6922874876878098,0.0,0.0,0,0.5108256237659907,0.012633057579200047,0
metoprolol,Cardiovascular,hypertension,7868,0.02458381242813578,8.970686268534983,320048,30,0.6922874876878098,0.0,0.0,0,1.6094379124341003,0.03956611975401034,0
metoprolol,Cardiovascular,acute kidney injury,7490,0.023402739589061642,8.921457578947884,320048,30,0.6922874876878098,0.0,0.0,0,0.43078291609245434,0.010081500404728301,0
metoprolol,Cardiovascular,pain in extremity,7486,0.023390241463780433,8.920923462230686,320048,30,0.6922874876878098,0.0,0.0,0,0.28768207245178085,0.006728953139447931,0
metoprolol,Cardiovascular,myocardial infarction,7322,0.02287781832725091,8.89877535906107,320048,30,0.6922874876878098,0.0,0.0,0,2.302585092994046,0.05267812344055393,1
metoprolol,Cardiovascular,rash,7230,0.022590361445783132,8.886132618174951,320048,30,0.6922874876878098,0.0,0.0,0,0.22314355131420976,0.005040893478483654,0
metoprolol,Cardiovascular,pruritus,7130,0.022277908313752936,8.872206756028303,320048,30,0.6922874876878098,0.0,0.0,0,0.3566749439387324,0.007945971698880049,0
metoprolol,Cardiovascular,decreased appetite,6825,0.02132492626106084,8.828494129466652,320048,30,0.6922874876878098,0.0,0.0,0,1.2039728043259361,0.02567463127257322,0
metoprolol,Cardiovascular,renal failure,6627,0.020706269059641055,8.799058378546453,320048,30,0.6922874876878098,0.0,0.0,1,1.3862943611198906,0.028704984037211653,0
metoprolol,Cardiovascular,chest pain,6583,0.020568789681547767,8.792397742356906,320048,30,0.6922874876878098,0.0,0.0,0,2.302585092994046,0.04736138850166163,1
metoprolol,Cardiovascular,blood pressure increased,6448,0.020146977953307003,8.771680359010377,320048,30,0.6922874876878098,0.0,0.0,0,2.302585092994046,0.0463901311041644,1
gabapentin,Nerve Pain/Neurological,drug ineffective,23189,0.07360535796473519,10.051476430249577,315045,30,0.6400186728448425,0.0,0.0,0,0.0,0.0,0
gabapentin,Nerve Pain/Neurological,fatigue,20629,0.06547953466965037,9.934501606065297,315045,30,0.6400186728448425,0.0,0.0,0,0.0,0.0,0
gabapentin,Nerve Pain/Neurological,nausea,18012,0.057172784840260914,9.798848998423558,315045,30,0.6400186728448425,0.0,0.0,0,0.0,0.0,0
gabapentin,Nerve Pain/Neurological,off label use,16659,0.0528781602628196,9.720765915720834,315045,30,0.6400186728448425,0.0,0.0,0,0.0,0.0,0
gabapentin,Nerve Pain/Neurological,pain,16426,0.05213858337697789,9.7066816015412,315045,30,0.6400186728448425,0.0,0.0,0,0.0,0.0,0
gabapentin,Nerve Pain/Neurological,diarrhoea,14900,0.04729483089717342,9.60918360377546,315045,30,0.6400186728448425,0.0,0.0,0,0.0,0.0,0
gabapentin,Nerve Pain/Neurological,headache,14131,0.04485390975892333,9.556197008479035,315045,30,0.6400186728448425,0.0,0.0,0,0.0,0.0,0
gabapentin,Nerve Pain/Neurological,dizziness,12795,0.04061324572680093,9.45688790106941,315045,30,0.6400186728448425,0.0,0.0,0,0.0,0.0,0
gabapentin,Nerve Pain/Neurological,fall,12317,0.039096002158421815,9.418816886246988,315045,30,0.6400186728448425,0.0,0.0,0,0.22314355131420976,0.008724020763818254,0
gabapentin,Nerve Pain/Neurological,dyspnoea,11280,0.03580440889396753,9.33087517360492,315045,30,0.6400186728448425,0.0,0.0,0,0.0,0.0,0
gabapentin,Nerve Pain/Neurological,vomiting,9577,0.030398831912901332,9.167224080902555,315045,30,0.6400186728448425,0.0,0.0,0,0.0,0.0,0
gabapentin,Nerve Pain/Neurological,death,9493,0.030132203336031362,9.158415299111264,315045,30,0.6400186728448425,0.0,0.0,0,0.28768207245178085,0.008668494703247967,0
gabapentin,Nerve Pain/Neurological,asthenia,9374,0.0297544795187989,9.14580185083861,315045,30,0.6400186728448425,0.0,0.0,0,0.0,0.0,0
gabapentin,Nerve Pain/Neurological,arthralgia,9335,0.029630687679537845,9.141633173966392,315045,30,0.6400186728448425,0.0,0.0,0,0.05129329438755048,0.0015198555860520997,0
gabapentin,Nerve Pain/Neurological,pain in extremity,9138,0.02900538018378327,9.120306249272202,315045,30,0.6400186728448425,0.0,0.0,0,0.28768207245178085,0.008344327883522587,0
gabapentin,Nerve Pain/Neurological,malaise,8569,0.02719928899046168,9.056023011591826,315045,30,0.6400186728448425,0.0,0.0,0,0.0,0.0,0
gabapentin,Nerve Pain/Neurological,pneumonia,8339,0.0264692345537939,9.028818495352793,315045,30,0.6400186728448425,0.0,0.0,0,0.10536051565782635,0.0027888122016556808,0
gabapentin,Nerve Pain/Neurological,anxiety,7641,0.02425367804599343,8.941414628006845,315045,30,0.6400186728448425,0.0,0.0,0,0.43078291609245434,0.01044807015462059,0
gabapentin,Nerve Pain/Neurological,somnolence,7467,0.02370137599390563,8.918382504661613,315045,30,0.6400186728448425,0.0,0.0,0,1.3862943611198906,0.03285708389113372,0
gabapentin,Nerve Pain/Neurological,rash,7266,0.023063371899252488,8.891098830616636,315045,30,0.6400186728448425,0.0,0.0,0,0.22314355131420976,0.005146442710879551,0
gabapentin,Nerve Pain/Neurological,depression,7254,0.023025282102556777,8.889446165318288,315045,30,0.6400186728448425,0.0,0.0,1,0.9162907318741551,0.021097852589360633,0
gabapentin,Nerve Pain/Neurological,back pain,7226,0.02293640591026679,8.885579291282982,315045,30,0.6400186728448425,0.0,0.0,0,1.2039728043259361,0.027614808944941883,0
gabapentin,Nerve Pain/Neurological,insomnia,7120,0.022599946039454682,8.870803443982124,315045,30,0.6400186728448425,0.0,0.0,0,0.6931471805599453,0.015665088878054914,0
gabapentin,Nerve Pain/Neurological,drug hypersensitivity,6951,0.022063514735990098,8.846784666945227,315045,30,0.6400186728448425,0.0,0.0,1,1.6094379124341003,0.035509857097650914,0
gabapentin,Nerve Pain/Neurological,toxicity to various agents,6904,0.021914329698931898,8.840001065843392,315045,30,0.6400186728448425,0.0,0.0,1,1.0498221244986776,0.023006148161497153,0
gabapentin,Nerve Pain/Neurological,weight decreased,6883,0.021847672554714405,8.83695515733143,315045,30,0.6400186728448425,0.0,0.0,0,0.5978370007556204,0.013061347033601343,0
gabapentin,Nerve Pain/Neurological,condition aggravated,6763,0.021466774587757306,8.81936971001847,315045,30,0.6400186728448425,0.0,0.0,1,0.5108256237659907,0.010965778519035045,0
gabapentin,Nerve Pain/Neurological,gait disturbance,6490,0.0206002317129299,8.778171881033469,315045,30,0.6400186728448425,0.0,0.0,0,2.995732273553991,0.061712778985114514,1
gabapentin,Nerve Pain/Neurological,feeling abnormal,6464,0.020517703820089193,8.774158291205957,315045,30,0.6400186728448425,0.0,0.0,0,2.995732273553991,0.0614655475130632,1
gabapentin,Nerve Pain/Neurological,constipation,6453,0.020482788173118126,8.772455372611907,315045,30,0.6400186728448425,0.0,0.0,0,1.2039728043259361,0.024660719917203148,0
prednisone,Steroid/Immunosuppressant,drug ineffective,67203,0.08929266623705347,11.115488048549294,752615,30,0.7858685632780587,0.0,0.0,0,0.0,0.0,0
prednisone,Steroid/Immunosuppressant,off label use,53991,0.07173787394617434,10.896591166423242,752615,30,0.7858685632780587,0.0,0.0,0,0.0,0.0,0
prednisone,Steroid/Immunosuppressant,fatigue,41386,0.054989602917826515,10.630722100840213,752615,30,0.7858685632780587,0.0,0.0,0,0.0,0.0,0
prednisone,Steroid/Immunosuppressant,pain,38499,0.05115364429356311,10.558413520275876,752615,30,0.7858685632780587,0.0,0.0,0,0.0,0.0,0
prednisone,Steroid/Immunosuppressant,dyspnoea,35567,0.047257894142423415,10.479201636203978,752615,30,0.7858685632780587,0.0,0.0,0,0.0,0.0,0
prednisone,Steroid/Immunosuppressant,arthralgia,33737,0.044826372049454236,10.426380077520257,752615,30,0.7858685632780587,0.0,0.0,0,0.05129329438755048,0.0022992922978585205,0
prednisone,Steroid/Immunosuppressant,nausea,29300,0.038930927499451914,10.285376924115587,752615,30,0.7858685632780587,0.0,0.0,0,0.0,0.0,0
prednisone,Steroid/Immunosuppressant,diarrhoea,28849,0.03833168353009175,10.269865271936245,752615,30,0.7858685632780587,0.0,0.0,0,0.0,0.0,0
prednisone,Steroid/Immunosuppressant,condition aggravated,28806,0.038274549404409955,10.268373692146376,752615,30,0.7858685632780587,0.0,0.0,1,0.5108256237659907,0.019551620573869943,0
prednisone,Steroid/Immunosuppressant,headache,26970,0.03583505510785727,10.202517493681471,752615,30,0.7858685632780587,0.0,0.0,0,0.0,0.0,0
prednisone,Steroid/Immunosuppressant,pneumonia,25455,0.03382207370302213,10.144706750577567,752615,30,0.7858685632780587,0.0,0.0,0,0.10536051565782635,0.0035635111259674198,0
prednisone,Steroid/Immunosuppressant,rheumatoid arthritis,25294,0.03360815290686473,10.138362026726037,752615,30,0.7858685632780587,0.0,0.0,1,2.995732273553991,0.10068102831763205,1
prednisone,Steroid/Immunosuppressant,rash,23084,0.030671724586940202,10.046938334941089,752615,30,0.7858685632780587,0.0,0.0,0,0.22314355131420976,0.0068441975492612005,0
prednisone,Steroid/Immunosuppressant,pyrexia,22531,0.029936953156660444,10.022691800014604,752615,30,0.7858685632780587,0.0,0.0,1,0.5108256237659907,0.015292562769904317,0
prednisone,Steroid/Immunosuppressant,malaise,21061,0.027983763278701595,9.955225747940542,752615,30,0.7858685632780587,0.0,0.0,0,0.0,0.0,0
prednisone,Steroid/Immunosuppressant,vomiting,19518,0.025933578257143427,9.879143629146611,752615,30,0.7858685632780587,0.0,0.0,0,0.0,0.0,0
prednisone,Steroid/Immunosuppressant,cough,19459,0.02585518492190562,9.876116355739995,752615,30,0.7858685632780587,0.0,0.0,0,0.5108256237659907,0.013207490965317478,0
prednisone,Steroid/Immunosuppressant,asthenia,18860,0.02505929326415232,9.844851577051172,752615,30,0.7858685632780587,0.0,0.0,0,0.0,0.0,0
prednisone,Steroid/Immunosuppressant,joint swelling,18136,0.02409731403174266,9.805709329617423,752615,30,0.7858685632780587,0.0,0.0,1,2.302585092994046,0.055486116070686896,1
prednisone,Steroid/Immunosuppressant,asthma,17735,0.023564505092245037,9.783351751296147,752615,30,0.7858685632780587,0.0,0.0,0,2.302585092994046,0.054259278149185707,1
prednisone,Steroid/Immunosuppressant,pain in extremity,17613,0.023402403619380428,9.776449319365405,752615,30,0.7858685632780587,0.0,0.0,0,0.28768207245178085,0.006732451973576419,0
prednisone,Steroid/Immunosuppressant,weight increased,17592,0.023374500906838156,9.775256374639046,752615,30,0.7858685632780587,0.0,0.0,1,2.302585092994046,0.05382177734426134,1
prednisone,Steroid/Immunosuppressant,weight decreased,17286,0.022967918524079377,9.757710052922787,752615,30,0.7858685632780587,0.0,0.0,0,0.5978370007556204,0.013731071524035071,0
prednisone,Steroid/Immunosuppressant,dizziness,16472,0.02188635623791713,9.709477955946982,752615,30,0.7858685632780587,0.0,0.0,0,0.0,0.0,0
prednisone,Steroid/Immunosuppressant,pruritus,15120,0.02008995303043389,9.623839785112668,752615,30,0.7858685632780587,0.0,0.0,0,0.3566749439387324,0.007165582870861774,0
prednisone,Steroid/Immunosuppressant,nasopharyngitis,14966,0.019885333138457247,9.613603056529147,752615,30,0.7858685632780587,0.0,0.0,1,2.302585092994046,0.045787671653832164,1
prednisone,Steroid/Immunosuppressant,abdominal discomfort,14794,0.019656796635730087,9.60204456483431,752615,30,0.7858685632780587,0.0,0.0,1,2.302585092994046,0.04526144690944761,1
prednisone,Steroid/Immunosuppressant,peripheral swelling,14539,0.019317977983431104,9.58465875108751,752615,30,0.7858685632780587,0.0,0.0,1,2.302585092994046,0.04448128813143564,1
prednisone,Steroid/Immunosuppressant,alopecia,14457,0.01920902453445653,9.579003173560242,752615,30,0.7858685632780587,0.0,0.0,1,2.995732273553991,0.05754509474136185,1
prednisone,Steroid/Immunosuppressant,hypertension,14335,0.019046923061591916,9.570529135214711,752615,30,0.7858685632780587,0.0,0.0,0,1.6094379124341003,0.030654840090541414,0
ciprofloxacin,Antibiotic,fatigue,5333,0.048721884193023805,8.58185670474196,109458,30,0.8755278741123458,0.0,0.0,0,0.0,0.0,0
ciprofloxacin,Antibiotic,pain,5166,0.047196184838020065,8.550047528287184,109458,30,0.8755278741123458,0.0,0.0,0,0.0,0.0,0
ciprofloxacin,Antibiotic,diarrhoea,5120,0.046775932321072924,8.54110501146255,109458,30,0.8755278741123458,0.0,0.0,0,0.0,0.0,0
ciprofloxacin,Antibiotic,nausea,5082,0.04642876719837746,8.533656917446903,109458,30,0.8755278741123458,0.0,0.0,0,0.0,0.0,0
ciprofloxacin,Antibiotic,arthralgia,5079,0.046401359425533084,8.533066540572527,109458,30,0.8755278741123458,0.0,0.0,0,0.05129329438755048,0.002380078588996409,0
ciprofloxacin,Antibiotic,drug ineffective,4537,0.041449688464982,8.420241665339788,109458,30,0.8755278741123458,0.0,0.0,0,0.0,0.0,0
ciprofloxacin,Antibiotic,acute kidney injury,4442,0.04058177565824334,8.399085102935908,109458,30,0.8755278741123458,0.0,0.0,0,0.43078291609245434,0.017481935658267847,0
ciprofloxacin,Antibiotic,chronic kidney disease,4198,0.038352610133567215,8.342601680684194,109458,30,0.8755278741123458,0.0,0.0,1,1.0498221244986776,0.040263418650491045,0
ciprofloxacin,Antibiotic,dyspnoea,4126,0.03769482358530212,8.325306029752582,109458,30,0.8755278741123458,0.0,0.0,0,0.0,0.0,0
ciprofloxacin,Antibiotic,drug hypersensitivity,4054,0.037037037037037035,8.307705966549513,109458,30,0.8755278741123458,0.0,0.0,1,1.6094379124341003,0.05960881157163334,0
ciprofloxacin,Antibiotic,off label use,3987,0.03642493011017925,8.291045131081729,109458,30,0.8755278741123458,0.0,0.0,0,0.0,0.0,0
ciprofloxacin,Antibiotic,pyrexia,3969,0.036260483473112975,8.286521373681236,109458,30,0.8755278741123458,0.0,0.0,1,0.5108256237659907,0.018522784088209333,0
ciprofloxacin,Antibiotic,vomiting,3955,0.03613258053317254,8.282988692742602,109458,30,0.8755278741123458,0.0,0.0,0,0.0,0.0,0
ciprofloxacin,Antibiotic,anxiety,3716,0.033949094629903705,8.220672170297252,109458,30,0.8755278741123458,0.0,0.0,0,0.43078291609245434,0.0146246899833686,0
ciprofloxacin,Antibiotic,headache,3633,0.03319081291454257,8.198089248956116,109458,30,0.8755278741123458,0.0,0.0,0,0.0,0.0,0
ciprofloxacin,Antibiotic,pain in extremity,3478,0.031774744650916335,8.154500175151941,109458,30,0.8755278741123458,0.0,0.0,0,0.28768207245178085,0.009141024392801749,0
ciprofloxacin,Antibiotic,pneumonia,3270,0.029874472400372745,8.092851027538384,109458,30,0.8755278741123458,0.0,0.0,0,0.10536051565782635,0.0031475898171087736,0
ciprofloxacin,Antibiotic,dizziness,3213,0.029353724716329552,8.075271546297458,109458,30,0.8755278741123458,0.0,0.0,0,0.0,0.0,0
ciprofloxacin,Antibiotic,drug interaction,3195,0.02918927807926328,8.069655306886165,109458,30,0.8755278741123458,0.0,0.0,1,0.6931471805599453,0.020232465803221557,0
ciprofloxacin,Antibiotic,malaise,3182,0.029070511063604306,8.065579427282092,109458,30,0.8755278741123458,0.0,0.0,0,0.0,0.0,0
ciprofloxacin,Antibiotic,renal failure,3122,0.02852235560671673,8.046549357283078,109458,30,0.8755278741123458,0.0,0.0,1,1.3862943611198906,0.0395403807434477,0
ciprofloxacin,Antibiotic,asthenia,3065,0.028001607922673536,8.028129059431759,109458,30,0.8755278741123458,0.0,0.0,0,0.0,0.0,0
ciprofloxacin,Antibiotic,rash,3017,0.027563083557163477,8.012349639327795,109458,30,0.8755278741123458,0.0,0.0,0,0.22314355131420976,0.006150524350115759,0
ciprofloxacin,Antibiotic,myalgia,2768,0.02528823841108005,7.926241523170962,109458,30,0.8755278741123458,0.0,0.0,1,2.302585092994046,0.05822832079343236,1
ciprofloxacin,Antibiotic,abdominal pain,2714,0.024794898499881233,7.906547232368036,109458,30,0.8755278741123458,0.0,0.0,1,1.6094379124341003,0.039905849680664254,0
ciprofloxacin,Antibiotic,condition aggravated,2532,0.023132160280655595,7.837159650001675,109458,30,0.8755278741123458,0.0,0.0,1,0.5108256237659907,0.011816500204420769,0
ciprofloxacin,Antibiotic,paraesthesia,2512,0.022949441795026403,7.829232537543592,109458,30,0.8755278741123458,0.0,0.0,1,2.995732273553991,0.06875038344540943,1
ciprofloxacin,Antibiotic,depression,2467,0.022538325202360723,7.811163385025279,109458,30,0.8755278741123458,0.0,0.0,1,0.9162907318741551,0.02065165849488882,0
ciprofloxacin,Antibiotic,insomnia,2283,0.020857315134572164,7.7336835707759,109458,30,0.8755278741123458,0.0,0.0,0,0.6931471805599453,0.01445718917957897,0
ciprofloxacin,Antibiotic,urinary tract infection,2243,0.02049187816331378,7.716015266642587,109458,30,0.8755278741123458,0.0,0.0,1,2.995732273553991,0.06138818075957537,1
warfarin,Blood Thinner,international normalised ratio increased,11066,0.08031644650892727,9.311722986264785,137780,30,0.8022260853859526,0.0,0.0,1,2.995732273553991,0.2406065709039662,1
warfarin,Blood Thinner,dyspnoea,8808,0.06392800116127159,9.083529205109796,137780,30,0.8022260853859526,0.0,0.0,0,0.0,0.0,0
warfarin,Blood Thinner,drug interaction,6684,0.04851212077224561,8.807621489536043,137780,30,0.8022260853859526,0.0,0.0,1,0.6931471805599453,0.0336260397362656,0
warfarin,Blood Thinner,fatigue,6391,0.0463855421686747,8.76280248744611,137780,30,0.8022260853859526,0.0,0.0,0,0.0,0.0,0
warfarin,Blood Thinner,diarrhoea,6277,0.04555813615909421,8.744806737401898,137780,30,0.8022260853859526,0.0,0.0,0,0.0,0.0,0
warfarin,Blood Thinner,nausea,6229,0.045209754681376106,8.737131611781498,137780,30,0.8022260853859526,0.0,0.0,0,0.0,0.0,0
warfarin,Blood Thinner,dizziness,5423,0.03935984903469299,8.598588829620232,137780,30,0.8022260853859526,0.0,0.0,0,0.0,0.0,0
warfarin,Blood Thinner,drug ineffective,5322,0.038626796341994486,8.579792333172758,137780,30,0.8022260853859526,0.0,0.0,0,0.0,0.0,0
warfarin,Blood Thinner,fall,5080,0.03687037305849906,8.533263371593732,137780,30,0.8022260853859526,0.0,0.0,0,0.22314355131420976,0.008227385982553242,0
warfarin,Blood Thinner,death,4907,0.0356147481492234,8.498621805830801,137780,30,0.8022260853859526,0.0,0.0,0,0.28768207245178085,0.010245724557416814,0
warfarin,Blood Thinner,headache,4852,0.035215561039338074,8.487352349405215,137780,30,0.8022260853859526,0.0,0.0,0,0.0,0.0,0
warfarin,Blood Thinner,asthenia,4590,0.03331397880679344,8.431853144249223,137780,30,0.8022260853859526,0.0,0.0,0,0.0,0.0,0
warfarin,Blood Thinner,pneumonia,4435,0.03218899695166207,8.397508348470257,137780,30,0.8022260853859526,0.0,0.0,0,0.10536051565782635,0.0033914493173353164,0
warfarin,Blood Thinner,haemorrhage,4276,0.03103498330672086,8.361007108226909,137780,30,0.8022260853859526,0.0,0.0,1,2.995732273553991,0.09297250110115303,1
warfarin,Blood Thinner,anaemia,4260,0.030918856147481494,8.357259153499912,137780,30,0.8022260853859526,0.0,0.0,1,1.8971199848858813,0.05865677990719883,0
warfarin,Blood Thinner,off label use,4005,0.029068079547104077,8.295548516225763,137780,30,0.8022260853859526,0.0,0.0,0,0.0,0.0,0
warfarin,Blood Thinner,vomiting,3853,0.027964871534330093,8.256866848974312,137780,30,0.8022260853859526,0.0,0.0,0,0.0,0.0,0
warfarin,Blood Thinner,pain,3840,0.027870518217448105,8.253488028345904,137780,30,0.8022260853859526,0.0,0.0,0,0.0,0.0,0
warfarin,Blood Thinner,malaise,3818,0.027710843373493974,8.247743887225516,137780,30,0.8022260853859526,0.0,0.0,0,0.0,0.0,0
warfarin,Blood Thinner,hypotension,3767,0.027340688053418494,8.234299635696253,137780,30,0.8022260853859526,0.0,0.0,0,1.0498221244986776,0.028702859217495418,0
warfarin,Blood Thinner,atrial fibrillation,3743,0.027166497314559442,8.227909837597483,137780,30,0.8022260853859526,0.0,0.0,1,2.302585092994046,0.06255317174536736,1
warfarin,Blood Thinner,gastrointestinal haemorrhage,3443,0.02498911307882131,8.144388865547622,137780,30,0.8022260853859526,0.0,0.0,1,2.302585092994046,0.0575395592624365,1
warfarin,Blood Thinner,haemoglobin decreased,3103,0.02252141094498476,8.04044688130311,137780,30,0.8022260853859526,0.0,0.0,1,2.995732273553991,0.06746811761386293,1
warfarin,Blood Thinner,pain in extremity,3083,0.02237625199593555,8.03398273468322,137780,30,0.8022260853859526,0.0,0.0,0,0.28768207245178085,0.006437246547894036,0
warfarin,Blood Thinner,weight decreased,2916,0.021164174771374656,7.978310969867722,137780,30,0.8022260853859526,0.0,0.0,0,0.5978370007556204,0.012652726768786392,0
warfarin,Blood Thinner,cough,2835,0.02057628102772536,7.950149887652018,137780,30,0.8022260853859526,0.0,0.0,0,0.5108256237659907,0.010510891590772127,0
warfarin,Blood Thinner,pyrexia,2758,0.020017419073885906,7.922623574217286,137780,30,0.8022260853859526,0.0,0.0,1,0.5108256237659907,0.010225410584603007,0
warfarin,Blood Thinner,condition aggravated,2715,0.019705327333430105,7.906915488678587,137780,30,0.8022260853859526,0.0,0.0,1,0.5108256237659907,0.010065986126612459,0
warfarin,Blood Thinner,oedema peripheral,2671,0.019385977645521846,7.890582534656536,137780,30,0.8022260853859526,0.0,0.0,1,2.995732273553991,0.058075198887086,1
warfarin,Blood Thinner,acute kidney injury,2630,0.01908840179997097,7.875119281040293,137780,30,0.8022260853859526,0.0,0.0,0,0.43078291609245434,0.008222957390935948,0
albuterol,Respiratory,dyspnoea,31451,0.10587637264605089,10.356217853111406,297054,30,0.5722463723749465,0.0,0.0,0,0.0,0.0,0
albuterol,Respiratory,asthma,16040,0.053996916385572996,9.682903223616842,297054,30,0.5722463723749465,0.0,0.0,0,2.302585092994046,0.12433249473706631,1
albuterol,Respiratory,drug ineffective,15640,0.052650359867229525,9.657650950674242,297054,30,0.5722463723749465,0.0,0.0,0,0.0,0.0,0
albuterol,Respiratory,cough,14357,0.04833127983464286,9.572062557136428,297054,30,0.5722463723749465,0.0,0.0,0,0.5108256237659907,0.024688856168940086,0
albuterol,Respiratory,fatigue,12790,0.04305614467403233,9.456497077599392,297054,30,0.5722463723749465,0.0,0.0,0,0.0,0.0,0
albuterol,Respiratory,pneumonia,12372,0.041648993112363406,9.423271958213975,297054,30,0.5722463723749465,0.0,0.0,0,0.10536051565782635,0.004388159390947866,0
albuterol,Respiratory,wrong technique in product usage process,12003,0.040406794724191564,9.392995206560258,297054,30,0.5722463723749465,0.0,0.0,0,2.995732273553991,0.1210479390261318,1
albuterol,Respiratory,nausea,11929,0.04015768176829802,9.386811515091962,297054,30,0.5722463723749465,0.0,0.0,0,0.0,0.0,0
albuterol,Respiratory,headache,11679,0.039316083944333356,9.365633256382218,297054,30,0.5722463723749465,0.0,0.0,0,0.0,0.0,0
albuterol,Respiratory,off label use,10691,0.03599008934402499,9.277251077258809,297054,30,0.5722463723749465,0.0,0.0,0,0.0,0.0,0
albuterol,Respiratory,device delivery system issue,10255,0.03452234273903061,9.23561817916045,297054,30,0.5722463723749465,0.0,0.0,0,2.995732273553991,0.10341969630200629,1
albuterol,Respiratory,pain,9877,0.03324984682919604,9.19806534110057,297054,30,0.5722463723749465,0.0,0.0,0,0.0,0.0,0
albuterol,Respiratory,wheezing,9511,0.032017747614911767,9.160309438370618,297054,30,0.5722463723749465,0.0,0.0,0,2.995732273553991,0.09591659985649749,1
albuterol,Respiratory,diarrhoea,9378,0.031570017572562566,9.146228426508939,297054,30,0.5722463723749465,0.0,0.0,0,0.0,0.0,0
albuterol,Respiratory,drug dose omission by device,9050,0.030465841227520923,9.11063052782717,297054,30,0.5722463723749465,0.0,0.0,0,2.995732273553991,0.09126750380625616,1
albuterol,Respiratory,no adverse event,8866,0.02984642522908293,9.090091799380007,297054,30,0.5722463723749465,0.0,0.0,0,2.995732273553991,0.08941189930897979,1
albuterol,Respiratory,dizziness,8211,0.0276414389302955,9.013351778138825,297054,30,0.5722463723749465,0.0,0.0,0,0.0,0.0,0
albuterol,Respiratory,vomiting,7591,0.025554276326863128,8.934850340289763,297054,30,0.5722463723749465,0.0,0.0,0,0.0,0.0,0
albuterol,Respiratory,anxiety,6932,0.023335824462892268,8.84404789894249,297054,30,0.5722463723749465,0.0,0.0,0,0.43078291609245434,0.010052674511546364,0
albuterol,Respiratory,product dose omission issue,6931,0.02333245807159641,8.843903650835497,297054,30,0.5722463723749465,0.0,0.0,0,2.302585092994046,0.053724970138566495,1
albuterol,Respiratory,malaise,6896,0.023214634376241355,8.83884181343129,297054,30,0.5722463723749465,0.0,0.0,0,0.0,0.0,0
albuterol,Respiratory,asthenia,6843,0.023036215637560847,8.831127635012084,297054,30,0.5722463723749465,0.0,0.0,0,0.0,0.0,0
albuterol,Respiratory,death,6492,0.021854612292714456,8.778479952508487,297054,30,0.5722463723749465,0.0,0.0,0,0.28768207245178085,0.006287180156998261,0
albuterol,Respiratory,rash,6228,0.020965884990607767,8.736971085254146,297054,30,0.5722463723749465,0.0,0.0,0,0.22314355131420976,0.004678402033249505,0
albuterol,Respiratory,arthralgia,6164,0.020750435947672813,8.726643415598444,297054,30,0.5722463723749465,0.0,0.0,0,0.05129329438755048,0.0010643582197339917,0
albuterol,Respiratory,pyrexia,6045,0.02034983538346563,8.707152175339404,297054,30,0.5722463723749465,0.0,0.0,1,0.5108256237659907,0.01039521735329406,0
albuterol,Respiratory,fall,5990,0.020164683862193406,8.698013622083925,297054,30,0.5722463723749465,0.0,0.0,0,0.22314355131420976,0.004499619168138172,0
albuterol,Respiratory,condition aggravated,5881,0.01979774721094481,8.67965211911394,297054,30,0.5722463723749465,0.0,0.0,1,0.5108256237659907,0.010113196568192286,0
albuterol,Respiratory,chronic obstructive pulmonary disease,5533,0.018626243039985994,8.618666160346871,297054,30,0.5722463723749465,0.0,0.0,0,2.995732273553991,0.05579923740994644,1
albuterol,Respiratory,chest discomfort,5428,0.018272771953920835,8.599510233905452,297054,30,0.5722463723749465,0.0,0.0,0,2.995732273553991,0.054740332669652864,1
hydrochlorothiazide,Diuretic,fatigue,14254,0.06106929098099029,9.564863001346772,233407,30,0.6853381431591203,0.0,0.0,0,0.0,0.0,0
hydrochlorothiazide,Diuretic,nausea,13948,0.059758276315620355,9.543163100092235,233407,30,0.6853381431591203,0.0,0.0,0,0.0,0.0,0
hydrochlorothiazide,Diuretic,drug ineffective,13130,0.05625366848466413,9.482731125859004,233407,30,0.6853381431591203,0.0,0.0,0,0.0,0.0,0
hydrochlorothiazide,Diuretic,diarrhoea,11990,0.051369496201913396,9.391911647379434,233407,30,0.6853381431591203,0.0,0.0,0,0.0,0.0,0
hydrochlorothiazide,Diuretic,dyspnoea,10899,0.04669525764008792,9.296518068217235,233407,30,0.6853381431591203,0.0,0.0,0,0.0,0.0,0
hydrochlorothiazide,Diuretic,dizziness,10808,0.046305380729798166,9.288134399416203,233407,30,0.6853381431591203,0.0,0.0,0,0.0,0.0,0
hydrochlorothiazide,Diuretic,headache,10468,0.04484869776827602,9.256173788319355,233407,30,0.6853381431591203,0.0,0.0,0,0.0,0.0,0
hydrochlorothiazide,Diuretic,pain,10304,0.044146062457424154,9.240384493324559,233407,30,0.6853381431591203,0.0,0.0,0,0.0,0.0,0
hydrochlorothiazide,Diuretic,asthenia,8218,0.03520888405232062,9.0142038261485,233407,30,0.6853381431591203,0.0,0.0,0,0.0,0.0,0
hydrochlorothiazide,Diuretic,arthralgia,8161,0.03496467543818309,9.00724451596575,233407,30,0.6853381431591203,0.0,0.0,0,0.05129329438755048,0.0017934533904158808,0
hydrochlorothiazide,Diuretic,vomiting,7972,0.03415493108604283,8.983816112502495,233407,30,0.6853381431591203,0.0,0.0,0,0.0,0.0,0
hydrochlorothiazide,Diuretic,fall,7968,0.03413779363943669,8.983314293397749,233407,30,0.6853381431591203,0.0,0.0,0,0.22314355131420976,0.007617628506735545,0
hydrochlorothiazide,Diuretic,off label use,7850,0.03363223896455548,8.968396191198256,233407,30,0.6853381431591203,0.0,0.0,0,0.0,0.0,0
hydrochlorothiazide,Diuretic,malaise,7214,0.030907384954178753,8.88391747120797,233407,30,0.6853381431591203,0.0,0.0,0,0.0,0.0,0
hydrochlorothiazide,Diuretic,acute kidney injury,6827,0.029249336995034424,8.828787083914332,233407,30,0.6853381431591203,0.0,0.0,0,0.43078291609245434,0.012600114684491834,0
hydrochlorothiazide,Diuretic,hypertension,6815,0.029197924655215996,8.827028068509152,233407,30,0.6853381431591203,0.0,0.0,0,1.6094379124341003,0.04699224690449898,0
hydrochlorothiazide,Diuretic,cough,6330,0.02712000925422117,8.753213480544126,233407,30,0.6853381431591203,0.0,0.0,0,0.5108256237659907,0.013853595643826969,0
hydrochlorothiazide,Diuretic,pruritus,6219,0.0266444451109007,8.735525185733225,233407,30,0.6853381431591203,0.0,0.0,0,0.3566749439387324,0.00950340596620914,0
hydrochlorothiazide,Diuretic,pain in extremity,6198,0.026554473516218452,8.73214326770192,233407,30,0.6853381431591203,0.0,0.0,0,0.28768207245178085,0.007639245974011652,0
hydrochlorothiazide,Diuretic,weight decreased,5992,0.025671895016002092,8.698347400458186,233407,30,0.6853381431591203,0.0,0.0,0,0.5978370007556204,0.01534760872007985,0
hydrochlorothiazide,Diuretic,blood pressure increased,5914,0.025337714807182304,8.685246776412487,233407,30,0.6853381431591203,0.0,0.0,0,2.302585092994046,0.05834224440555248,1
hydrochlorothiazide,Diuretic,rash,5597,0.023979572163645477,8.630164670075398,233407,30,0.6853381431591203,0.0,0.0,0,0.22314355131420976,0.00535088689159122,0
hydrochlorothiazide,Diuretic,hypotension,5418,0.02321267142802058,8.597666575566114,233407,30,0.6853381431591203,0.0,0.0,0,1.0498221244986776,0.02436917603385432,0
hydrochlorothiazide,Diuretic,anxiety,5366,0.022989884622140723,8.588024372176829,233407,30,0.6853381431591203,0.0,0.0,0,0.43078291609245434,0.009903649538154853,0
hydrochlorothiazide,Diuretic,insomnia,5183,0.022205846439909686,8.55333223803211,233407,30,0.6853381431591203,0.0,0.0,0,0.6931471805599453,0.015391919851770498,0
hydrochlorothiazide,Diuretic,back pain,5148,0.022055893782105936,8.546557800046141,233407,30,0.6853381431591203,0.0,0.0,0,1.2039728043259361,0.02655469628875706,0
hydrochlorothiazide,Diuretic,pyrexia,5100,0.02185024442283222,8.537191877922927,233407,30,0.6853381431591203,0.0,0.0,1,0.5108256237659907,0.011161664736732628,0
hydrochlorothiazide,Diuretic,pneumonia,4884,0.020924822306100502,8.493924564476883,233407,30,0.6853381431591203,0.0,0.0,0,0.10536051565782635,0.002204650068219136,0
hydrochlorothiazide,Diuretic,hyponatraemia,4665,0.01998654710441418,8.448057452581375,233407,30,0.6853381431591203,0.0,0.0,0,2.995732273553991,0.05987434419760062,1
hydrochlorothiazide,Diuretic,drug interaction,4567,0.019566679662563678,8.426830751335846,233407,30,0.6853381431591203,0.0,0.0,1,0.6931471805599453,0.013562588841025635,0
tramadol,Opioid Analgesic,drug dependence,19983,0.07744268241640702,9.90268723236536,258036,30,0.7875278959114068,0.0,0.0,1,2.302585092994046,0.17831836609349092,1
tramadol,Opioid Analgesic,pain,15730,0.060960486133717774,9.663388566822505,258036,30,0.7875278959114068,0.0,0.0,0,0.0,0.0,0
tramadol,Opioid Analgesic,nausea,13678,0.05300810739586724,9.523617089089445,258036,30,0.7875278959114068,0.0,0.0,0,0.0,0.0,0
tramadol,Opioid Analgesic,overdose,13259,0.051384302965477684,9.492507263739853,258036,30,0.7875278959114068,0.0,0.0,1,2.302585092994046,0.11831673002219865,1
tramadol,Opioid Analgesic,fatigue,11941,0.046276488551985,9.387816877106937,258036,30,0.7875278959114068,0.0,0.0,0,0.0,0.0,0
tramadol,Opioid Analgesic,drug ineffective,11543,0.044734068114526654,9.353921100453707,258036,30,0.7875278959114068,0.0,0.0,0,0.0,0.0,0
tramadol,Opioid Analgesic,vomiting,10581,0.04100590615262987,9.266909723464076,258036,30,0.7875278959114068,0.0,0.0,0,0.0,0.0,0
tramadol,Opioid Analgesic,headache,10190,0.039490613712815266,9.229260256828693,258036,30,0.7875278959114068,0.0,0.0,0,0.0,0.0,0
tramadol,Opioid Analgesic,diarrhoea,9721,0.03767303787068471,9.1821466376054,258036,30,0.7875278959114068,0.0,0.0,0,0.0,0.0,0
tramadol,Opioid Analgesic,dyspnoea,8858,0.0343285433040351,9.089189170412032,258036,30,0.7875278959114068,0.0,0.0,0,0.0,0.0,0
tramadol,Opioid Analgesic,dependence,8576,0.03323567254181587,9.056839480990421,258036,30,0.7875278959114068,0.0,0.0,1,2.302585092994046,0.07652796415041675,1
tramadol,Opioid Analgesic,death,8533,0.03306902912771861,9.051813463747946,258036,30,0.7875278959114068,0.0,0.0,0,0.28768207245178085,0.009513366833430396,0
tramadol,Opioid Analgesic,dizziness,8382,0.032483839464260804,9.033961124637857,258036,30,0.7875278959114068,0.0,0.0,0,0.0,0.0,0
tramadol,Opioid Analgesic,arthralgia,7962,0.030856159605636424,8.982561092257445,258036,30,0.7875278959114068,0.0,0.0,0,0.05129329438755048,0.0015827140783211526,0
tramadol,Opioid Analgesic,off label use,7823,0.03031747508099645,8.964951211714654,258036,30,0.7875278959114068,0.0,0.0,0,0.0,0.0,0
tramadol,Opioid Analgesic,fall,7345,0.028465020384752515,8.901911226379612,258036,30,0.7875278959114068,0.0,0.0,0,0.22314355131420976,0.00635178573688505,0
tramadol,Opioid Analgesic,malaise,7082,0.02744578275899487,8.865452825753623,258036,30,0.7875278959114068,0.0,0.0,0,0.0,0.0,0
tramadol,Opioid Analgesic,anxiety,6782,0.026283154288548886,8.82217476094608,258036,30,0.7875278959114068,0.0,0.0,0,0.43078291609245434,0.011322333848528985,0
tramadol,Opioid Analgesic,toxicity to various agents,6708,0.02599637259917221,8.811205187562887,258036,30,0.7875278959114068,0.0,0.0,1,1.0498221244986776,0.027291567111322176,0
tramadol,Opioid Analgesic,asthenia,6528,0.02529879551690462,8.784009071186633,258036,30,0.7875278959114068,0.0,0.0,0,0.0,0.0,0
tramadol,Opioid Analgesic,depression,6481,0.02511665038986808,8.776784383701493,258036,30,0.7875278959114068,0.0,0.0,1,0.9162907318741551,0.023014153967959507,0
tramadol,Opioid Analgesic,chronic kidney disease,6053,0.023457967105365143,8.708474489581665,258036,30,0.7875278959114068,0.0,0.0,1,1.0498221244986776,0.02462669286297453,0
tramadol,Opioid Analgesic,acute kidney injury,5932,0.02298904028895193,8.688285266258644,258036,30,0.7875278959114068,0.0,0.0,0,0.43078291609245434,0.009903285813841632,0
tramadol,Opioid Analgesic,pain in extremity,5851,0.022675130601931513,8.674538762140015,258036,30,0.7875278959114068,0.0,0.0,0,0.28768207245178085,0.006523228564678455,0
tramadol,Opioid Analgesic,pneumonia,5850,0.022671255173696694,8.674367865788236,258036,30,0.7875278959114068,0.0,0.0,0,0.10536051565782635,0.002388655135710847,0
tramadol,Opioid Analgesic,insomnia,5548,0.021500875846781068,8.621373010325902,258036,30,0.7875278959114068,0.0,0.0,0,0.6931471805599453,0.014903271472765723,0
tramadol,Opioid Analgesic,drug abuse,5526,0.02141561642561503,8.617400451833262,258036,30,0.7875278959114068,0.0,0.0,1,2.302585092994046,0.04931127913889961,1
tramadol,Opioid Analgesic,drug interaction,5228,0.020260738811638687,8.56197533418813,258036,30,0.7875278959114068,0.0,0.0,1,0.6931471805599453,0.014043673983348812,0
tramadol,Opioid Analgesic,confusional state,5216,0.020214233672820846,8.559677803022392,258036,30,0.7875278959114068,0.0,0.0,1,2.302585092994046,0.04654499312133556,1
tramadol,Opioid Analgesic,rash,5146,0.01994295369638345,8.546169299652755,258036,30,0.7875278959114068,0.0,0.0,0,0.22314355131420976,0.00445014151150585,0
duloxetine,Antidepressant,drug ineffective,5657,0.06810247273252594,8.640825751861513,83066,30,0.7052843011817794,0.0,0.0,0,0.0,0.0,0
duloxetine,Antidepressant,nausea,5423,0.06528543567765391,8.598588829620232,83066,30,0.7052843011817794,0.0,0.0,0,0.0,0.0,0
duloxetine,Antidepressant,fatigue,5391,0.06490019984109022,8.592671652592143,83066,30,0.7052843011817794,0.0,0.0,0,0.0,0.0,0
duloxetine,Antidepressant,off label use,4244,0.051091902824260224,8.353497098745448,83066,30,0.7052843011817794,0.0,0.0,0,0.0,0.0,0
duloxetine,Antidepressant,headache,4173,0.05023716081188453,8.336630087637147,83066,30,0.7052843011817794,0.0,0.0,0,0.0,0.0,0
duloxetine,Antidepressant,pain,4139,0.0498278477355356,8.32845106681936,83066,30,0.7052843011817794,0.0,0.0,0,0.0,0.0,0
duloxetine,Antidepressant,diarrhoea,3728,0.044879974959670624,8.22389538017882,83066,30,0.7052843011817794,0.0,0.0,0,0.0,0.0,0
duloxetine,Antidepressant,dizziness,3550,0.042737100618785065,8.174984532943087,83066,30,0.7052843011817794,0.0,0.0,0,0.0,0.0,0
duloxetine,Antidepressant,fall,3113,0.037476223725712084,8.043663352393944,83066,30,0.7052843011817794,0.0,0.0,0,0.22314355131420976,0.008362577652001239,0
duloxetine,Antidepressant,vomiting,2729,0.03285339368694773,7.912056888179006,83066,30,0.7052843011817794,0.0,0.0,0,0.0,0.0,0
duloxetine,Antidepressant,arthralgia,2615,0.03148099101918956,7.86940171257709,83066,30,0.7052843011817794,0.0,0.0,0,0.05129329438755048,0.001614763739959123,0
duloxetine,Antidepressant,depression,2526,0.03040955384874678,7.834788107388194,83066,30,0.7052843011817794,0.0,0.0,1,0.9162907318741551,0.027863992352034718,0
duloxetine,Antidepressant,dyspnoea,2525,0.030397515228854165,7.8343923029104365,83066,30,0.7052843011817794,0.0,0.0,0,0.0,0.0,0
duloxetine,Antidepressant,toxicity to various agents,2314,0.027857366431512293,7.747164966520335,83066,30,0.7052843011817794,0.0,0.0,1,1.0498221244986776,0.02924527961006838,0
duloxetine,Antidepressant,anxiety,2291,0.027580478173982136,7.73718007783463,83066,30,0.7052843011817794,0.0,0.0,0,0.43078291609245434,0.011881198815012315,0
duloxetine,Antidepressant,completed suicide,2191,0.026376616184720585,7.692569648067906,83066,30,0.7052843011817794,0.0,0.0,1,1.6094379124341003,0.0424515260894122,0
duloxetine,Antidepressant,drug interaction,2191,0.026376616184720585,7.692569648067906,83066,30,0.7052843011817794,0.0,0.0,1,0.6931471805599453,0.018282877141150893,0
duloxetine,Antidepressant,asthenia,2179,0.026232152746009197,7.687080155783135,83066,30,0.7052843011817794,0.0,0.0,0,0.0,0.0,0
duloxetine,Antidepressant,somnolence,2170,0.02612380516697566,7.682943169878292,83066,30,0.7052843011817794,0.0,0.0,0,1.3862943611198906,0.03621528379397302,0
duloxetine,Antidepressant,malaise,2027,0.02440228252233164,7.614805364711073,83066,30,0.7052843011817794,0.0,0.0,0,0.0,0.0,0
duloxetine,Antidepressant,insomnia,2014,0.024245780463727638,7.608374474380783,83066,30,0.7052843011817794,0.0,0.0,0,0.6931471805599453,0.016805894368908215,0
duloxetine,Antidepressant,condition aggravated,1927,0.02319842053307009,7.564238475170491,83066,30,0.7052843011817794,0.0,0.0,1,0.5108256237659907,0.011850347639191294,0
duloxetine,Antidepressant,pain in extremity,1894,0.022801146076613776,7.546974117516527,83066,30,0.7052843011817794,0.0,0.0,0,0.28768207245178085,0.006559480957596043,0
duloxetine,Antidepressant,hyperhidrosis,1866,0.022464064719620543,7.532088143541722,83066,30,0.7052843011817794,0.0,0.0,0,2.995732273553991,0.06729632367577285,1
duloxetine,Antidepressant,death,1830,0.022030674403486383,7.5126175446745105,83066,30,0.7052843011817794,0.0,0.0,0,0.28768207245178085,0.006337830069905364,0
duloxetine,Antidepressant,pneumonia,1729,0.020814773794332216,7.455876687491824,83066,30,0.7052843011817794,0.0,0.0,0,0.10536051565782635,0.002193055300271853,0
duloxetine,Antidepressant,back pain,1721,0.020718464835191294,7.451241684987676,83066,30,0.7052843011817794,0.0,0.0,0,1.2039728043259361,0.024944468208953557,0
duloxetine,Antidepressant,constipation,1652,0.019887800062600824,7.410347097821024,83066,30,0.7052843011817794,0.0,0.0,0,1.2039728043259361,0.023944370413243043,0
duloxetine,Antidepressant,pruritus,1631,0.0196349890448559,7.397561535524052,83066,30,0.7052843011817794,0.0,0.0,0,0.3566749439387324,0.007003308616811602,0
duloxetine,Antidepressant,product dose omission issue,1626,0.01957479594539282,7.394493107219038,83066,30,0.7052843011817794,0.0,0.0,0,2.302585092994046,0.045072633342261796,1
